meter_id,timestamp,consumption_kwh,voltage_v,current_a,power_factor,status
M-101,2026-09-01T00:00:00Z,2.591,221.2,12.72,0.921,OK
M-101,2026-09-01T01:00:00Z,2.68,221,13.17,0.921,OK
M-101,2026-09-01T02:00:00Z,2.698,219.5,13.33,0.923,OK
M-101,2026-09-01T03:00:00Z,2.662,219.3,13.27,0.915,OK
M-101,2026-09-01T04:00:00Z,2.582,221,12.68,0.921,OK
M-101,2026-09-01T05:00:00Z,2.543,221.4,12.5,0.918,OK
M-101,2026-09-01T06:00:00Z,3.77,219.8,18.65,0.92,OK
M-101,2026-09-01T07:00:00Z,4.921,220.7,24.2,0.921,OK
M-101,2026-09-01T08:00:00Z,7.073,219.4,35.02,0.921,OK
M-101,2026-09-01T09:00:00Z,7.205,220.4,35.35,0.925,OK
M-101,2026-09-01T10:00:00Z,7.036,220.6,34.75,0.918,OK
M-101,2026-09-01T11:00:00Z,7.095,220,35.01,0.921,OK
M-101,2026-09-01T12:00:00Z,7.163,219.8,35.46,0.919,OK
M-101,2026-09-01T13:00:00Z,6.973,219.2,34.66,0.918,OK
M-101,2026-09-01T14:00:00Z,6.79,220.6,33.42,0.921,OK
M-101,2026-09-01T15:00:00Z,6.855,219.4,33.98,0.919,OK
M-101,2026-09-01T16:00:00Z,7.175,219.3,35.68,0.917,OK
M-101,2026-09-01T17:00:00Z,6.913,220.6,34.1,0.919,OK
M-101,2026-09-01T18:00:00Z,3.51,218.9,17.4,0.922,OK
M-101,2026-09-01T19:00:00Z,3.493,220.8,17.19,0.92,OK
M-101,2026-09-01T20:00:00Z,3.489,219.9,17.32,0.916,OK
M-101,2026-09-01T21:00:00Z,3.471,219.3,17.18,0.921,OK
M-101,2026-09-01T22:00:00Z,2.601,220.9,12.9,0.913,OK
M-101,2026-09-01T23:00:00Z,2.579,219.7,12.72,0.923,OK
M-101,2026-09-02T00:00:00Z,2.558,221.7,12.57,0.918,OK
M-101,2026-09-02T01:00:00Z,2.63,218.5,12.97,0.928,OK
M-101,2026-09-02T02:00:00Z,2.588,221.2,12.74,0.918,OK
M-101,2026-09-02T03:00:00Z,2.568,219.9,12.6,0.926,OK
M-101,2026-09-02T04:00:00Z,2.592,221.8,12.75,0.917,OK
M-101,2026-09-02T05:00:00Z,2.582,220.3,12.69,0.923,OK
M-101,2026-09-02T06:00:00Z,3.7,220.5,18.24,0.92,OK
M-101,2026-09-02T07:00:00Z,4.74,220.7,23.5,0.914,OK
M-101,2026-09-02T08:00:00Z,7.232,221.5,35.51,0.92,OK
M-101,2026-09-02T09:00:00Z,7.091,218.9,35.2,0.92,OK
M-101,2026-09-02T10:00:00Z,7.073,221.1,34.72,0.921,OK
M-101,2026-09-02T11:00:00Z,7.212,219.7,35.98,0.913,OK
M-101,2026-09-02T12:00:00Z,7.357,219.7,36.8,0.91,OK
M-101,2026-09-02T13:00:00Z,7.187,219,35.61,0.921,OK
M-101,2026-09-02T14:00:00Z,7.247,219.7,36.04,0.915,OK
M-101,2026-09-02T15:00:00Z,7.019,220,34.62,0.922,OK
M-101,2026-09-02T16:00:00Z,7.039,220.6,34.65,0.921,OK
M-101,2026-09-02T17:00:00Z,7.098,219.3,35.04,0.923,OK
M-101,2026-09-02T18:00:00Z,3.448,220.3,16.92,0.925,OK
M-101,2026-09-02T19:00:00Z,3.513,219.7,17.56,0.911,OK
M-101,2026-09-02T20:00:00Z,3.416,220.4,16.76,0.925,OK
M-101,2026-09-02T21:00:00Z,3.505,220.5,17.24,0.922,OK
M-101,2026-09-02T22:00:00Z,2.528,219.5,12.48,0.922,OK
M-101,2026-09-02T23:00:00Z,2.673,218.9,13.43,0.909,OK
M-101,2026-09-03T00:00:00Z,2.537,220,12.54,0.919,OK
M-101,2026-09-03T01:00:00Z,2.628,219.8,13.03,0.918,OK
M-101,2026-09-03T02:00:00Z,2.66,219.8,13.07,0.926,OK
M-101,2026-09-03T03:00:00Z,2.556,221.3,12.49,0.925,OK
M-101,2026-09-03T04:00:00Z,2.593,220.5,12.72,0.925,OK
M-101,2026-09-03T05:00:00Z,2.663,220.1,13.25,0.913,OK
M-101,2026-09-03T06:00:00Z,3.799,219.7,18.96,0.912,OK
M-101,2026-09-03T07:00:00Z,4.704,219.6,23.37,0.917,OK
M-101,2026-09-03T08:00:00Z,6.948,220.6,34.29,0.918,OK
M-101,2026-09-03T09:00:00Z,6.953,219.5,34.52,0.918,OK
M-101,2026-09-03T10:00:00Z,6.94,220.4,33.95,0.928,OK
M-101,2026-09-03T11:00:00Z,7.165,219.7,35.5,0.919,OK
M-101,2026-09-03T12:00:00Z,7.317,220.6,36.23,0.916,OK
M-101,2026-09-03T13:00:00Z,7.092,219.8,35.04,0.921,OK
M-101,2026-09-03T14:00:00Z,7.138,220.5,35.15,0.921,OK
M-101,2026-09-03T15:00:00Z,7.181,220.3,35.36,0.922,OK
M-101,2026-09-03T16:00:00Z,7.251,220.5,35.58,0.924,OK
M-101,2026-09-03T17:00:00Z,6.912,220.6,34.05,0.92,OK
M-101,2026-09-03T18:00:00Z,3.394,220.8,16.75,0.918,OK
M-101,2026-09-03T19:00:00Z,3.456,219.9,17.22,0.913,OK
M-101,2026-09-03T20:00:00Z,3.377,218.9,16.77,0.92,OK
M-101,2026-09-03T21:00:00Z,3.337,221.3,16.4,0.92,OK
M-101,2026-09-03T22:00:00Z,2.58,220.2,12.68,0.924,OK
M-101,2026-09-03T23:00:00Z,2.661,219.3,13.15,0.923,OK
M-101,2026-09-04T00:00:00Z,2.591,220.5,12.67,0.927,OK
M-101,2026-09-04T01:00:00Z,2.66,220,13.13,0.921,OK
M-101,2026-09-04T02:00:00Z,2.62,219.5,12.93,0.923,OK
M-101,2026-09-04T03:00:00Z,2.602,220.8,12.79,0.921,OK
M-101,2026-09-04T04:00:00Z,2.63,219.6,12.94,0.925,OK
M-101,2026-09-04T05:00:00Z,2.538,220.4,12.5,0.921,OK
M-101,2026-09-04T06:00:00Z,3.606,220.1,17.77,0.922,OK
M-101,2026-09-04T07:00:00Z,4.807,221.1,23.53,0.924,OK
M-101,2026-09-04T08:00:00Z,7.068,219.6,35.02,0.919,OK
M-101,2026-09-04T09:00:00Z,7.08,219.9,35.08,0.918,OK
M-101,2026-09-04T10:00:00Z,7.093,220.7,35.15,0.914,OK
M-101,2026-09-04T11:00:00Z,7.161,221,35.31,0.918,OK
M-101,2026-09-04T12:00:00Z,7.339,220.3,36.27,0.918,OK
M-101,2026-09-04T13:00:00Z,7.372,218.8,36.64,0.92,OK
M-101,2026-09-04T14:00:00Z,6.984,220.1,34.4,0.923,OK
M-101,2026-09-04T15:00:00Z,7.06,220.5,34.78,0.921,OK
M-101,2026-09-04T16:00:00Z,7.168,220.2,35.47,0.918,OK
M-101,2026-09-04T17:00:00Z,7.043,218.9,34.69,0.928,OK
M-101,2026-09-04T18:00:00Z,3.554,220.5,17.42,0.926,OK
M-101,2026-09-04T19:00:00Z,3.495,220,17.24,0.922,OK
M-101,2026-09-04T20:00:00Z,3.394,220.4,16.67,0.924,OK
M-101,2026-09-04T21:00:00Z,3.391,219.9,16.64,0.927,OK
M-101,2026-09-04T22:00:00Z,2.657,219.4,13.08,0.926,OK
M-101,2026-09-04T23:00:00Z,2.63,220.6,12.89,0.925,OK
M-101,2026-09-05T00:00:00Z,2.627,220.1,13,0.918,OK
M-101,2026-09-05T01:00:00Z,2.645,220.4,13.12,0.915,OK
M-101,2026-09-05T02:00:00Z,2.592,219.9,12.84,0.918,OK
M-101,2026-09-05T03:00:00Z,2.584,220.1,12.74,0.922,OK
M-101,2026-09-05T04:00:00Z,2.665,221.5,13.12,0.917,OK
M-101,2026-09-05T05:00:00Z,2.621,219,12.97,0.923,OK
M-101,2026-09-05T06:00:00Z,3.728,220.4,18.41,0.919,OK
M-101,2026-09-05T07:00:00Z,4.96,219.4,24.53,0.922,OK
M-101,2026-09-05T08:00:00Z,7.145,219.3,35.58,0.916,OK
M-101,2026-09-05T09:00:00Z,6.998,219.7,34.54,0.922,OK
M-101,2026-09-05T10:00:00Z,7.399,219.4,36.29,0.929,OK
M-101,2026-09-05T11:00:00Z,6.999,219.2,34.78,0.918,OK
M-101,2026-09-05T12:00:00Z,7.132,220.9,34.95,0.924,OK
M-101,2026-09-05T13:00:00Z,7.072,219.5,35.2,0.915,OK
M-101,2026-09-05T14:00:00Z,6.927,219.7,34.08,0.925,OK
M-101,2026-09-05T15:00:00Z,7.086,219.5,35.16,0.918,OK
M-101,2026-09-05T16:00:00Z,7.17,220.1,35.34,0.922,OK
M-101,2026-09-05T17:00:00Z,7.313,219.4,36.18,0.921,OK
M-101,2026-09-05T18:00:00Z,3.368,219.5,16.61,0.924,OK
M-101,2026-09-05T19:00:00Z,3.454,220.3,17.04,0.92,OK
M-101,2026-09-05T20:00:00Z,3.453,220.2,16.89,0.929,OK
M-101,2026-09-05T21:00:00Z,3.376,219.9,16.66,0.922,OK
M-101,2026-09-05T22:00:00Z,2.634,218.9,13,0.926,OK
M-101,2026-09-05T23:00:00Z,2.66,220.6,13.08,0.922,OK
M-101,2026-09-06T00:00:00Z,2.628,219,13.14,0.913,OK
M-101,2026-09-06T01:00:00Z,2.694,221.1,13.18,0.924,OK
M-101,2026-09-06T02:00:00Z,2.616,219.2,12.94,0.922,OK
M-101,2026-09-06T03:00:00Z,2.648,219.3,13.13,0.92,OK
M-101,2026-09-06T04:00:00Z,2.66,220.1,13.06,0.926,OK
M-101,2026-09-06T05:00:00Z,2.6,219,12.85,0.924,OK
M-101,2026-09-06T06:00:00Z,3.719,220.4,18.22,0.926,OK
M-101,2026-09-06T07:00:00Z,4.877,219.4,24.25,0.917,OK
M-101,2026-09-06T08:00:00Z,7.009,219.5,34.84,0.916,OK
M-101,2026-09-06T09:00:00Z,7.02,220.7,34.72,0.916,OK
M-101,2026-09-06T10:00:00Z,7.197,220.5,35.55,0.918,OK
M-101,2026-09-06T11:00:00Z,7.145,220.9,35.03,0.923,OK
M-101,2026-09-06T12:00:00Z,7.214,221,35.65,0.915,OK
M-101,2026-09-06T13:00:00Z,7.246,220.1,35.78,0.92,OK
M-101,2026-09-06T14:00:00Z,7.094,220.4,34.68,0.928,OK
M-101,2026-09-06T15:00:00Z,7.226,221.3,35.45,0.921,OK
M-101,2026-09-06T16:00:00Z,7.096,219.4,35.33,0.915,OK
M-101,2026-09-06T17:00:00Z,7.081,220.2,34.98,0.92,OK
M-101,2026-09-06T18:00:00Z,3.413,221,16.88,0.915,OK
M-101,2026-09-06T19:00:00Z,3.308,220.3,16.4,0.916,OK
M-101,2026-09-06T20:00:00Z,3.383,219.8,16.68,0.923,OK
M-101,2026-09-06T21:00:00Z,3.386,220.8,16.58,0.925,OK
M-101,2026-09-06T22:00:00Z,2.553,219.5,12.61,0.922,OK
M-101,2026-09-06T23:00:00Z,2.704,219.4,13.43,0.917,OK
M-101,2026-09-07T00:00:00Z,2.663,219.3,13.21,0.919,OK
M-101,2026-09-07T01:00:00Z,2.612,220.4,12.9,0.919,OK
M-101,2026-09-07T02:00:00Z,2.611,220.3,12.91,0.918,OK
M-101,2026-09-07T03:00:00Z,2.549,219.9,12.58,0.922,OK
M-101,2026-09-07T04:00:00Z,2.678,220.3,13.22,0.92,OK
M-101,2026-09-07T05:00:00Z,2.663,219.5,13.22,0.918,OK
M-101,2026-09-07T06:00:00Z,3.643,218.5,18.13,0.919,OK
M-101,2026-09-07T07:00:00Z,4.814,220.1,23.88,0.916,OK
M-101,2026-09-07T08:00:00Z,6.84,220.9,33.62,0.921,OK
M-101,2026-09-07T09:00:00Z,7.089,219.4,35.09,0.921,OK
M-101,2026-09-07T10:00:00Z,7.263,220.1,36.04,0.916,OK
M-101,2026-09-07T11:00:00Z,7.014,221.6,34.44,0.919,OK
M-101,2026-09-07T12:00:00Z,7.484,217.7,37.56,0.915,OK
M-101,2026-09-07T13:00:00Z,6.968,219.1,34.34,0.926,OK
M-101,2026-09-07T14:00:00Z,6.764,220.6,33.28,0.921,OK
M-101,2026-09-07T15:00:00Z,7.062,218.9,35.17,0.917,OK
M-101,2026-09-07T16:00:00Z,7.061,220.2,34.76,0.922,OK
M-101,2026-09-07T17:00:00Z,7.23,220.5,35.51,0.923,OK
M-101,2026-09-07T18:00:00Z,3.443,220.3,17.01,0.919,OK
M-101,2026-09-07T19:00:00Z,3.604,219.5,17.76,0.925,OK
M-101,2026-09-07T20:00:00Z,3.37,219.7,16.64,0.922,OK
M-101,2026-09-07T21:00:00Z,3.47,219.4,17.17,0.921,OK
M-101,2026-09-07T22:00:00Z,2.596,221.2,12.7,0.924,OK
M-101,2026-09-07T23:00:00Z,2.611,219.3,12.97,0.918,OK
M-101,2026-09-08T00:00:00Z,2.684,219.2,13.29,0.921,OK
M-101,2026-09-08T01:00:00Z,2.674,219,13.39,0.912,OK
M-101,2026-09-08T02:00:00Z,2.694,218.9,13.4,0.919,OK
M-101,2026-09-08T03:00:00Z,2.739,220.3,13.47,0.923,OK
M-101,2026-09-08T04:00:00Z,2.628,220.4,13.02,0.916,OK
M-101,2026-09-08T05:00:00Z,2.676,219.1,13.4,0.912,OK
M-101,2026-09-08T06:00:00Z,3.814,219.9,18.77,0.924,OK
M-101,2026-09-08T07:00:00Z,4.961,220.3,24.32,0.926,OK
M-101,2026-09-08T08:00:00Z,7.337,219,36.42,0.92,OK
M-101,2026-09-08T09:00:00Z,7.294,220.3,36,0.92,OK
M-101,2026-09-08T10:00:00Z,7.05,221,34.8,0.917,OK
M-101,2026-09-08T11:00:00Z,7.15,220.8,35.17,0.921,OK
M-101,2026-09-08T12:00:00Z,7.201,217.9,36.05,0.917,OK
M-101,2026-09-08T13:00:00Z,7.419,220.8,36.58,0.918,OK
M-101,2026-09-08T14:00:00Z,7.435,219.2,36.94,0.918,OK
M-101,2026-09-08T15:00:00Z,7.409,219.4,36.72,0.92,OK
M-101,2026-09-08T16:00:00Z,7.412,220.3,36.63,0.919,OK
M-101,2026-09-08T17:00:00Z,7.325,219.1,36.38,0.919,OK
M-101,2026-09-08T18:00:00Z,3.562,219.7,17.71,0.916,OK
M-101,2026-09-08T19:00:00Z,3.586,220,17.71,0.92,OK
M-101,2026-09-08T20:00:00Z,3.463,220,17.02,0.925,OK
M-101,2026-09-08T21:00:00Z,3.483,221.3,17.12,0.919,OK
M-101,2026-09-08T22:00:00Z,2.679,220.3,13.25,0.918,OK
M-101,2026-09-08T23:00:00Z,2.715,220.6,13.44,0.916,OK
M-101,2026-09-09T00:00:00Z,2.742,219.8,13.43,0.929,OK
M-101,2026-09-09T01:00:00Z,2.681,220.1,13.33,0.914,OK
M-101,2026-09-09T02:00:00Z,2.611,220.8,12.93,0.914,OK
M-101,2026-09-09T03:00:00Z,2.711,220.7,13.36,0.919,OK
M-101,2026-09-09T04:00:00Z,2.65,219.9,13.17,0.915,OK
M-101,2026-09-09T05:00:00Z,2.756,220.2,13.58,0.922,OK
M-101,2026-09-09T06:00:00Z,3.858,220.9,18.83,0.928,OK
M-101,2026-09-09T07:00:00Z,5.17,220,25.61,0.917,OK
M-101,2026-09-09T08:00:00Z,7.131,219.7,35.46,0.916,OK
M-101,2026-09-09T09:00:00Z,7.165,221.2,35.23,0.919,OK
M-101,2026-09-09T10:00:00Z,7.58,220.1,37.3,0.923,OK
M-101,2026-09-09T11:00:00Z,7.244,218.5,36.08,0.919,OK
M-101,2026-09-09T12:00:00Z,7.345,220.7,36.07,0.923,OK
M-101,2026-09-09T13:00:00Z,7.29,220.6,35.66,0.927,OK
M-101,2026-09-09T14:00:00Z,7.309,220.5,35.85,0.925,OK
M-101,2026-09-09T15:00:00Z,6.878,220.7,33.99,0.917,OK
M-101,2026-09-09T16:00:00Z,7.299,220,35.86,0.925,OK
M-101,2026-09-09T17:00:00Z,7.524,221.2,36.85,0.923,OK
M-101,2026-09-09T18:00:00Z,3.554,219.2,17.59,0.922,OK
M-101,2026-09-09T19:00:00Z,3.513,220.8,17.36,0.917,OK
M-101,2026-09-09T20:00:00Z,3.478,220.4,17.07,0.924,OK
M-101,2026-09-09T21:00:00Z,3.487,220.1,17.09,0.927,OK
M-101,2026-09-09T22:00:00Z,2.611,220,12.88,0.921,OK
M-101,2026-09-09T23:00:00Z,2.734,219.3,13.56,0.919,OK
M-101,2026-09-10T00:00:00Z,2.65,219.8,13.08,0.922,OK
M-101,2026-09-10T01:00:00Z,2.698,219.8,13.31,0.922,OK
M-101,2026-09-10T02:00:00Z,2.684,220.9,13.31,0.913,OK
M-101,2026-09-10T03:00:00Z,2.657,220.6,13.03,0.924,OK
M-101,2026-09-10T04:00:00Z,2.699,220.7,13.23,0.924,OK
M-101,2026-09-10T05:00:00Z,2.655,220.7,13.12,0.917,OK
M-101,2026-09-10T06:00:00Z,3.741,220,18.48,0.92,OK
M-101,2026-09-10T07:00:00Z,4.877,219.3,24.08,0.924,OK
M-101,2026-09-10T08:00:00Z,7.246,221.5,35.36,0.925,OK
M-101,2026-09-10T09:00:00Z,7.371,220.6,36.55,0.914,OK
M-101,2026-09-10T10:00:00Z,7.292,220.1,35.69,0.928,OK
M-101,2026-09-10T11:00:00Z,7.257,221.7,35.45,0.923,OK
M-101,2026-09-10T12:00:00Z,7.247,219.6,35.75,0.923,OK
M-101,2026-09-10T13:00:00Z,7.36,219.8,36.49,0.918,OK
M-101,2026-09-10T14:00:00Z,7.347,219.3,36.65,0.914,OK
M-101,2026-09-10T15:00:00Z,7.172,219.3,35.62,0.918,OK
M-101,2026-09-10T16:00:00Z,7.126,220.3,35.09,0.922,OK
M-101,2026-09-10T17:00:00Z,7.223,221.2,35.66,0.916,OK
M-101,2026-09-10T18:00:00Z,3.489,219.2,17.23,0.924,OK
M-101,2026-09-10T19:00:00Z,3.418,219.8,16.86,0.922,OK
M-101,2026-09-10T20:00:00Z,3.577,220.3,17.71,0.917,OK
M-101,2026-09-10T21:00:00Z,3.471,220.2,17.1,0.922,OK
M-101,2026-09-10T22:00:00Z,2.707,219.2,13.4,0.922,OK
M-101,2026-09-10T23:00:00Z,2.707,220.2,13.4,0.917,OK
M-101,2026-09-11T00:00:00Z,2.726,220,13.5,0.918,OK
M-101,2026-09-11T01:00:00Z,2.638,219.2,13.07,0.92,OK
M-101,2026-09-11T02:00:00Z,2.783,220.6,13.73,0.919,OK
M-101,2026-09-11T03:00:00Z,2.687,219.7,13.2,0.926,OK
M-101,2026-09-11T04:00:00Z,2.733,220.2,13.41,0.926,OK
M-101,2026-09-11T05:00:00Z,2.622,220.7,12.93,0.919,OK
M-101,2026-09-11T06:00:00Z,3.88,220.8,19.08,0.921,OK
M-101,2026-09-11T07:00:00Z,4.876,219.8,24.16,0.918,OK
M-101,2026-09-11T08:00:00Z,7.219,220.2,35.73,0.917,OK
M-101,2026-09-11T09:00:00Z,7.184,218.5,35.62,0.923,OK
M-101,2026-09-11T10:00:00Z,7.469,219,36.87,0.925,OK
M-101,2026-09-11T11:00:00Z,7.248,218.8,35.96,0.921,OK
M-101,2026-09-11T12:00:00Z,7.281,220.6,35.83,0.921,OK
M-101,2026-09-11T13:00:00Z,7.193,219.8,35.65,0.918,OK
M-101,2026-09-11T14:00:00Z,7.262,220.3,35.87,0.919,OK
M-101,2026-09-11T15:00:00Z,7.316,218.7,36.26,0.923,OK
M-101,2026-09-11T16:00:00Z,7.247,219.4,35.77,0.923,OK
M-101,2026-09-11T17:00:00Z,7.216,221,35.2,0.927,OK
M-101,2026-09-11T18:00:00Z,3.546,220.6,17.47,0.92,OK
M-101,2026-09-11T19:00:00Z,3.522,221,17.39,0.917,OK
M-101,2026-09-11T20:00:00Z,3.584,219.9,17.52,0.93,OK
M-101,2026-09-11T21:00:00Z,3.533,219.1,17.6,0.916,OK
M-101,2026-09-11T22:00:00Z,2.702,221.3,13.3,0.918,OK
M-101,2026-09-11T23:00:00Z,2.746,219.4,13.63,0.918,OK
M-101,2026-09-12T00:00:00Z,2.771,220.6,13.56,0.926,OK
M-101,2026-09-12T01:00:00Z,2.615,222.2,12.74,0.924,OK
M-101,2026-09-12T02:00:00Z,2.737,219.6,13.67,0.912,OK
M-101,2026-09-12T03:00:00Z,2.639,219.8,13.06,0.919,OK
M-101,2026-09-12T04:00:00Z,2.696,219.9,13.4,0.915,OK
M-101,2026-09-12T05:00:00Z,2.714,222.5,13.33,0.916,OK
M-101,2026-09-12T06:00:00Z,3.743,220,18.48,0.921,OK
M-101,2026-09-12T07:00:00Z,4.835,220.2,23.83,0.921,OK
M-101,2026-09-12T08:00:00Z,7.445,220.1,36.6,0.924,OK
M-101,2026-09-12T09:00:00Z,7.335,220.8,36.05,0.922,OK
M-101,2026-09-12T10:00:00Z,7.422,221.4,36.3,0.923,OK
M-101,2026-09-12T11:00:00Z,7.29,219.7,36.12,0.919,OK
M-101,2026-09-12T12:00:00Z,7.161,220.1,35.22,0.923,OK
M-101,2026-09-12T13:00:00Z,7.245,220.7,35.82,0.917,OK
M-101,2026-09-12T14:00:00Z,7.341,219,36.39,0.921,OK
M-101,2026-09-12T15:00:00Z,7.303,219.5,36.26,0.918,OK
M-101,2026-09-12T16:00:00Z,7.385,221.1,36.29,0.921,OK
M-101,2026-09-12T17:00:00Z,7.347,219.7,36.39,0.919,OK
M-101,2026-09-12T18:00:00Z,3.447,222.1,16.89,0.919,OK
M-101,2026-09-12T19:00:00Z,3.555,219.8,17.56,0.921,OK
M-101,2026-09-12T20:00:00Z,3.465,219.6,17.22,0.917,OK
M-101,2026-09-12T21:00:00Z,3.442,220.8,16.99,0.917,OK
M-101,2026-09-12T22:00:00Z,2.736,220.1,13.55,0.917,OK
M-101,2026-09-12T23:00:00Z,2.755,220.7,13.62,0.917,OK
M-101,2026-09-13T00:00:00Z,2.683,220.1,13.34,0.914,OK
M-101,2026-09-13T01:00:00Z,2.676,220.1,13.24,0.918,OK
M-101,2026-09-13T02:00:00Z,2.663,218.3,13.25,0.92,OK
M-101,2026-09-13T03:00:00Z,2.714,219.9,13.41,0.921,OK
M-101,2026-09-13T04:00:00Z,2.68,220.4,13.13,0.926,OK
M-101,2026-09-13T05:00:00Z,2.59,219,12.99,0.91,OK
M-101,2026-09-13T06:00:00Z,3.806,218.7,18.82,0.924,OK
M-101,2026-09-13T07:00:00Z,4.843,220.4,23.96,0.917,OK
M-101,2026-09-13T08:00:00Z,7.205,219.6,35.85,0.915,OK
M-101,2026-09-13T09:00:00Z,7.078,218.9,35.13,0.92,OK
M-101,2026-09-13T10:00:00Z,7.191,218.9,35.62,0.922,OK
M-101,2026-09-13T11:00:00Z,7.352,220.6,35.99,0.926,OK
M-101,2026-09-13T12:00:00Z,7.395,219.1,36.61,0.922,OK
M-101,2026-09-13T13:00:00Z,7.131,220.8,35.16,0.918,OK
M-101,2026-09-13T14:00:00Z,7.132,220.5,35.4,0.914,OK
M-101,2026-09-13T15:00:00Z,7.368,220.7,36.07,0.926,OK
M-101,2026-09-13T16:00:00Z,7.127,222.3,34.73,0.923,OK
M-101,2026-09-13T17:00:00Z,7.24,219.7,35.82,0.92,OK
M-101,2026-09-13T18:00:00Z,3.418,220.5,16.85,0.92,OK
M-101,2026-09-13T19:00:00Z,3.452,220.5,16.96,0.923,OK
M-101,2026-09-13T20:00:00Z,3.661,221.1,17.79,0.931,OK
M-101,2026-09-13T21:00:00Z,3.61,220.2,17.85,0.919,OK
M-101,2026-09-13T22:00:00Z,2.698,218.7,13.38,0.922,OK
M-101,2026-09-13T23:00:00Z,2.675,219.8,13.16,0.925,OK
M-101,2026-09-14T00:00:00Z,2.683,219.1,13.32,0.919,OK
M-101,2026-09-14T01:00:00Z,2.743,220.6,13.56,0.917,OK
M-101,2026-09-14T02:00:00Z,2.712,219.1,13.49,0.917,OK
M-101,2026-09-14T03:00:00Z,2.722,218.7,13.65,0.912,OK
M-101,2026-09-14T04:00:00Z,2.681,219,13.37,0.916,OK
M-101,2026-09-14T05:00:00Z,2.631,220.5,12.94,0.922,OK
M-101,2026-09-14T06:00:00Z,3.867,220.4,19.08,0.919,OK
M-101,2026-09-14T07:00:00Z,4.985,220.5,24.7,0.915,OK
M-101,2026-09-14T08:00:00Z,7.227,221.1,35.82,0.913,OK
M-101,2026-09-14T09:00:00Z,7.107,220.5,35.03,0.92,OK
M-101,2026-09-14T10:00:00Z,7.189,219.5,35.81,0.915,OK
M-101,2026-09-14T11:00:00Z,7.26,221.4,35.63,0.92,OK
M-101,2026-09-14T12:00:00Z,7.232,219.8,35.96,0.915,OK
M-101,2026-09-14T13:00:00Z,7.109,220.6,35,0.921,OK
M-101,2026-09-14T14:00:00Z,7.19,219.8,35.69,0.916,OK
M-101,2026-09-14T15:00:00Z,7.34,221.7,35.99,0.92,OK
M-101,2026-09-14T16:00:00Z,7.171,220.7,34.98,0.929,OK
M-101,2026-09-14T17:00:00Z,7.171,219.7,35.46,0.92,OK
M-101,2026-09-14T18:00:00Z,3.465,218.9,17.21,0.92,OK
M-101,2026-09-14T19:00:00Z,3.569,219.8,17.69,0.918,OK
M-101,2026-09-14T20:00:00Z,3.494,221.5,17.13,0.921,OK
M-101,2026-09-14T21:00:00Z,3.405,220.4,16.8,0.919,OK
M-101,2026-09-14T22:00:00Z,2.663,220.8,13.2,0.914,OK
M-101,2026-09-14T23:00:00Z,2.699,219.1,13.42,0.918,OK
M-102,2026-09-01T00:00:00Z,1.316,219.9,6.31,0.948,OK
M-102,2026-09-01T01:00:00Z,1.322,220.5,6.28,0.954,OK
M-102,2026-09-01T02:00:00Z,1.353,218.8,6.55,0.944,OK
M-102,2026-09-01T03:00:00Z,1.28,219.9,6.14,0.948,OK
M-102,2026-09-01T04:00:00Z,1.304,218.4,6.26,0.955,OK
M-102,2026-09-01T05:00:00Z,1.341,218.3,6.45,0.953,OK
M-102,2026-09-01T06:00:00Z,1.889,219.4,9.08,0.948,OK
M-102,2026-09-01T07:00:00Z,2.441,220.2,11.66,0.95,OK
M-102,2026-09-01T08:00:00Z,3.529,218.2,16.96,0.954,OK
M-102,2026-09-01T09:00:00Z,3.576,221.7,16.91,0.954,OK
M-102,2026-09-01T10:00:00Z,3.575,219.4,16.99,0.959,OK
M-102,2026-09-01T11:00:00Z,3.597,218.7,17.36,0.947,OK
M-102,2026-09-01T12:00:00Z,3.575,220,17.13,0.948,OK
M-102,2026-09-01T13:00:00Z,3.6,218.8,17.44,0.944,OK
M-102,2026-09-01T14:00:00Z,3.498,220.1,16.84,0.943,OK
M-102,2026-09-01T15:00:00Z,3.608,220.7,17.17,0.952,OK
M-102,2026-09-01T16:00:00Z,3.659,219.6,17.51,0.952,OK
M-102,2026-09-01T17:00:00Z,3.653,219.9,17.58,0.945,OK
M-102,2026-09-01T18:00:00Z,1.656,220,7.9,0.953,OK
M-102,2026-09-01T19:00:00Z,1.702,220.6,8.13,0.949,OK
M-102,2026-09-01T20:00:00Z,1.753,219.6,8.45,0.945,OK
M-102,2026-09-01T21:00:00Z,1.773,221.5,8.41,0.952,OK
M-102,2026-09-01T22:00:00Z,1.311,219.5,6.35,0.94,OK
M-102,2026-09-01T23:00:00Z,1.303,219.8,6.23,0.951,OK
M-102,2026-09-02T00:00:00Z,1.306,220.5,6.28,0.943,OK
M-102,2026-09-02T01:00:00Z,1.341,219.3,6.39,0.956,OK
M-102,2026-09-02T02:00:00Z,1.297,219.7,6.2,0.953,OK
M-102,2026-09-02T03:00:00Z,1.343,219.6,6.48,0.944,OK
M-102,2026-09-02T04:00:00Z,1.296,220.9,6.13,0.957,OK
M-102,2026-09-02T05:00:00Z,1.319,220.8,6.3,0.949,OK
M-102,2026-09-02T06:00:00Z,1.937,221,9.23,0.95,OK
M-102,2026-09-02T07:00:00Z,2.411,220.2,11.53,0.95,OK
M-102,2026-09-02T08:00:00Z,3.641,219.8,17.47,0.948,OK
M-102,2026-09-02T09:00:00Z,3.521,221.4,16.68,0.954,OK
M-102,2026-09-02T10:00:00Z,3.586,220.1,17.09,0.953,OK
M-102,2026-09-02T11:00:00Z,3.596,220.1,17.14,0.953,OK
M-102,2026-09-02T12:00:00Z,3.598,220.2,17.19,0.951,OK
M-102,2026-09-02T13:00:00Z,3.552,219.5,17.08,0.947,OK
M-102,2026-09-02T14:00:00Z,3.612,220.8,17.26,0.948,OK
M-102,2026-09-02T15:00:00Z,3.536,219.2,16.93,0.953,OK
M-102,2026-09-02T16:00:00Z,3.567,220.5,17.03,0.95,OK
M-102,2026-09-02T17:00:00Z,3.586,218.8,17.12,0.957,OK
M-102,2026-09-02T18:00:00Z,1.757,220.2,8.45,0.944,OK
M-102,2026-09-02T19:00:00Z,1.729,220.6,8.27,0.947,OK
M-102,2026-09-02T20:00:00Z,1.751,220.3,8.34,0.953,OK
M-102,2026-09-02T21:00:00Z,1.734,219.4,8.42,0.939,OK
M-102,2026-09-02T22:00:00Z,1.31,220.3,6.25,0.952,OK
M-102,2026-09-02T23:00:00Z,1.322,219.6,6.31,0.954,OK
M-102,2026-09-03T00:00:00Z,1.346,219.2,6.44,0.954,OK
M-102,2026-09-03T01:00:00Z,1.316,220,6.32,0.947,OK
M-102,2026-09-03T02:00:00Z,1.338,219.3,6.4,0.953,OK
M-102,2026-09-03T03:00:00Z,1.306,220.4,6.24,0.949,OK
M-102,2026-09-03T04:00:00Z,1.275,219.7,6.11,0.95,OK
M-102,2026-09-03T05:00:00Z,1.325,219.9,6.35,0.949,OK
M-102,2026-09-03T06:00:00Z,1.885,220.2,8.96,0.955,OK
M-102,2026-09-03T07:00:00Z,2.418,220.2,11.58,0.948,OK
M-102,2026-09-03T08:00:00Z,3.574,219.5,17.26,0.943,OK
M-102,2026-09-03T09:00:00Z,3.658,219.2,17.58,0.949,OK
M-102,2026-09-03T10:00:00Z,3.676,221,17.42,0.955,OK
M-102,2026-09-03T11:00:00Z,3.607,218.1,17.39,0.951,OK
M-102,2026-09-03T12:00:00Z,3.603,220.1,17.19,0.953,OK
M-102,2026-09-03T13:00:00Z,3.541,219.6,16.86,0.956,OK
M-102,2026-09-03T14:00:00Z,3.747,219.9,18.02,0.946,OK
M-102,2026-09-03T15:00:00Z,3.633,218.4,17.65,0.943,OK
M-102,2026-09-03T16:00:00Z,3.663,219.6,17.57,0.949,OK
M-102,2026-09-03T17:00:00Z,3.632,220.8,17.43,0.944,OK
M-102,2026-09-03T18:00:00Z,1.797,220.4,8.58,0.951,OK
M-102,2026-09-03T19:00:00Z,1.774,220.5,8.48,0.949,OK
M-102,2026-09-03T20:00:00Z,1.737,219.5,8.37,0.946,OK
M-102,2026-09-03T21:00:00Z,1.665,220,7.99,0.947,OK
M-102,2026-09-03T22:00:00Z,1.353,220,6.47,0.95,OK
M-102,2026-09-03T23:00:00Z,1.375,221.1,6.59,0.944,OK
M-102,2026-09-04T00:00:00Z,1.326,219.8,6.39,0.943,OK
M-102,2026-09-04T01:00:00Z,1.341,219.4,6.47,0.945,OK
M-102,2026-09-04T02:00:00Z,1.31,220.3,6.24,0.953,OK
M-102,2026-09-04T03:00:00Z,1.317,219.8,6.29,0.953,OK
M-102,2026-09-04T04:00:00Z,1.342,219.7,6.42,0.952,OK
M-102,2026-09-04T05:00:00Z,1.326,220.1,6.34,0.95,OK
M-102,2026-09-04T06:00:00Z,1.899,219.9,9.12,0.947,OK
M-102,2026-09-04T07:00:00Z,2.424,220.5,11.54,0.952,OK
M-102,2026-09-04T08:00:00Z,3.527,220.3,16.9,0.947,OK
M-102,2026-09-04T09:00:00Z,3.535,219.9,16.83,0.955,OK
M-102,2026-09-04T10:00:00Z,3.568,220.5,17.04,0.95,OK
M-102,2026-09-04T11:00:00Z,3.511,221.7,16.71,0.947,OK
M-102,2026-09-04T12:00:00Z,3.707,220.7,17.66,0.951,OK
M-102,2026-09-04T13:00:00Z,3.509,220.7,16.85,0.944,OK
M-102,2026-09-04T14:00:00Z,3.568,220.9,17.01,0.95,OK
M-102,2026-09-04T15:00:00Z,3.598,219.6,17.27,0.949,OK
M-102,2026-09-04T16:00:00Z,3.539,220.3,16.77,0.958,OK
M-102,2026-09-04T17:00:00Z,3.653,219.4,17.59,0.946,OK
M-102,2026-09-04T18:00:00Z,1.73,218.8,8.34,0.947,OK
M-102,2026-09-04T19:00:00Z,1.727,219.6,8.24,0.955,OK
M-102,2026-09-04T20:00:00Z,1.751,220.6,8.34,0.951,OK
M-102,2026-09-04T21:00:00Z,1.764,219.3,8.47,0.95,OK
M-102,2026-09-04T22:00:00Z,1.338,220.4,6.44,0.943,OK
M-102,2026-09-04T23:00:00Z,1.26,219.9,5.98,0.957,OK
M-102,2026-09-05T00:00:00Z,1.339,220.4,6.35,0.956,OK
M-102,2026-09-05T01:00:00Z,1.332,219,6.37,0.954,OK
M-102,2026-09-05T02:00:00Z,1.327,220.1,6.39,0.944,OK
M-102,2026-09-05T03:00:00Z,1.313,220.5,6.31,0.944,OK
M-102,2026-09-05T04:00:00Z,1.333,220.6,6.36,0.95,OK
M-102,2026-09-05T05:00:00Z,1.376,220.4,6.62,0.943,OK
M-102,2026-09-05T06:00:00Z,1.899,219.2,9.08,0.954,OK
M-102,2026-09-05T07:00:00Z,2.46,220,11.77,0.95,OK
M-102,2026-09-05T08:00:00Z,3.575,219.2,17.2,0.948,OK
M-102,2026-09-05T09:00:00Z,3.557,220.4,17.04,0.947,OK
M-102,2026-09-05T10:00:00Z,3.735,220.3,17.77,0.954,OK
M-102,2026-09-05T11:00:00Z,3.537,220.7,16.88,0.949,OK
M-102,2026-09-05T12:00:00Z,3.602,219.2,17.29,0.951,OK
M-102,2026-09-05T13:00:00Z,3.679,220.8,17.53,0.95,OK
M-102,2026-09-05T14:00:00Z,3.579,220.7,17.12,0.947,OK
M-102,2026-09-05T15:00:00Z,3.57,220.5,17.07,0.948,OK
M-102,2026-09-05T16:00:00Z,3.616,220.9,17.22,0.95,OK
M-102,2026-09-05T17:00:00Z,3.598,220.6,17.1,0.954,OK
M-102,2026-09-05T18:00:00Z,1.714,221.8,8.17,0.946,OK
M-102,2026-09-05T19:00:00Z,1.781,220.3,8.53,0.948,OK
M-102,2026-09-05T20:00:00Z,1.738,220.1,8.28,0.954,OK
M-102,2026-09-05T21:00:00Z,1.674,220,7.99,0.952,OK
M-102,2026-09-05T22:00:00Z,1.268,220.9,6.02,0.954,OK
M-102,2026-09-05T23:00:00Z,1.349,219.7,6.5,0.945,OK
M-102,2026-09-06T00:00:00Z,1.32,221.9,6.24,0.953,OK
M-102,2026-09-06T01:00:00Z,1.364,219.1,6.54,0.952,OK
M-102,2026-09-06T02:00:00Z,1.397,219.5,6.68,0.953,OK
M-102,2026-09-06T03:00:00Z,1.361,219.5,6.54,0.948,OK
M-102,2026-09-06T04:00:00Z,1.338,220.4,6.43,0.945,OK
M-102,2026-09-06T05:00:00Z,1.362,219.3,6.54,0.95,OK
M-102,2026-09-06T06:00:00Z,1.83,220.2,8.74,0.951,OK
M-102,2026-09-06T07:00:00Z,2.446,220.2,11.65,0.954,OK
M-102,2026-09-06T08:00:00Z,3.629,219.5,17.39,0.951,OK
M-102,2026-09-06T09:00:00Z,3.659,220.9,17.43,0.95,OK
M-102,2026-09-06T10:00:00Z,3.633,219.7,17.28,0.957,OK
M-102,2026-09-06T11:00:00Z,3.667,219,17.8,0.941,OK
M-102,2026-09-06T12:00:00Z,3.541,219.5,17.03,0.947,OK
M-102,2026-09-06T13:00:00Z,3.608,220.4,17.19,0.952,OK
M-102,2026-09-06T14:00:00Z,3.702,219.7,17.76,0.949,OK
M-102,2026-09-06T15:00:00Z,3.582,218.9,17.25,0.949,OK
M-102,2026-09-06T16:00:00Z,3.479,219.9,16.61,0.953,OK
M-102,2026-09-06T17:00:00Z,3.582,221.7,16.98,0.951,OK
M-102,2026-09-06T18:00:00Z,1.735,220.1,8.27,0.953,OK
M-102,2026-09-06T19:00:00Z,1.723,220.5,8.26,0.946,OK
M-102,2026-09-06T20:00:00Z,1.797,220.5,8.52,0.957,OK
M-102,2026-09-06T21:00:00Z,1.688,220.7,8.12,0.942,OK
M-102,2026-09-06T22:00:00Z,1.315,220.6,6.32,0.943,OK
M-102,2026-09-06T23:00:00Z,1.306,219.3,6.25,0.953,OK
M-102,2026-09-07T00:00:00Z,1.33,220.5,6.32,0.954,OK
M-102,2026-09-07T01:00:00Z,1.327,220,6.34,0.952,OK
M-102,2026-09-07T02:00:00Z,1.312,220.2,6.3,0.946,OK
M-102,2026-09-07T03:00:00Z,1.305,217.8,6.32,0.948,OK
M-102,2026-09-07T04:00:00Z,1.316,218.8,6.35,0.947,OK
M-102,2026-09-07T05:00:00Z,1.292,220.8,6.2,0.944,OK
M-102,2026-09-07T06:00:00Z,1.886,219.4,9.04,0.951,OK
M-102,2026-09-07T07:00:00Z,2.491,220.8,11.89,0.949,OK
M-102,2026-09-07T08:00:00Z,3.579,220.2,17.14,0.948,OK
M-102,2026-09-07T09:00:00Z,3.628,219.1,17.51,0.946,OK
M-102,2026-09-07T10:00:00Z,3.655,220.1,17.52,0.948,OK
M-102,2026-09-07T11:00:00Z,3.535,221.7,16.83,0.947,OK
M-102,2026-09-07T12:00:00Z,3.496,220.6,16.78,0.944,OK
M-102,2026-09-07T13:00:00Z,3.62,219.6,17.3,0.953,OK
M-102,2026-09-07T14:00:00Z,3.614,219.8,17.41,0.944,OK
M-102,2026-09-07T15:00:00Z,3.646,220.7,17.38,0.951,OK
M-102,2026-09-07T16:00:00Z,3.456,220,16.53,0.95,OK
M-102,2026-09-07T17:00:00Z,3.647,218.9,17.48,0.953,OK
M-102,2026-09-07T18:00:00Z,1.714,220.8,8.14,0.954,OK
M-102,2026-09-07T19:00:00Z,1.789,219.2,8.6,0.949,OK
M-102,2026-09-07T20:00:00Z,1.731,218.6,8.35,0.948,OK
M-102,2026-09-07T21:00:00Z,1.745,219.3,8.37,0.95,OK
M-102,2026-09-07T22:00:00Z,1.301,218.8,6.26,0.95,OK
M-102,2026-09-07T23:00:00Z,1.355,220.1,6.45,0.954,OK
M-102,2026-09-08T00:00:00Z,1.296,219.2,6.17,0.957,OK
M-102,2026-09-08T01:00:00Z,1.297,218.8,6.24,0.95,OK
M-102,2026-09-08T02:00:00Z,1.354,219.6,6.5,0.948,OK
M-102,2026-09-08T03:00:00Z,1.358,220.3,6.46,0.954,OK
M-102,2026-09-08T04:00:00Z,1.319,219.5,6.32,0.95,OK
M-102,2026-09-08T05:00:00Z,1.34,221.4,6.36,0.951,OK
M-102,2026-09-08T06:00:00Z,1.914,219.8,9.15,0.952,OK
M-102,2026-09-08T07:00:00Z,2.517,220.6,12.08,0.944,OK
M-102,2026-09-08T08:00:00Z,3.691,219.3,17.73,0.949,OK
M-102,2026-09-08T09:00:00Z,3.578,220.6,17.04,0.952,OK
M-102,2026-09-08T10:00:00Z,3.564,220.5,16.88,0.958,OK
M-102,2026-09-08T11:00:00Z,3.796,220.7,18.02,0.955,OK
M-102,2026-09-08T12:00:00Z,3.59,221.3,17.1,0.948,OK
M-102,2026-09-08T13:00:00Z,3.556,219.9,17.07,0.947,OK
M-102,2026-09-08T14:00:00Z,3.679,221.5,17.4,0.954,OK
M-102,2026-09-08T15:00:00Z,3.588,218.7,17.35,0.945,OK
M-102,2026-09-08T16:00:00Z,3.821,219.2,18.57,0.939,OK
M-102,2026-09-08T17:00:00Z,3.589,219.8,17.15,0.952,OK
M-102,2026-09-08T18:00:00Z,1.803,220.4,8.59,0.952,OK
M-102,2026-09-08T19:00:00Z,1.728,220.6,8.23,0.951,OK
M-102,2026-09-08T20:00:00Z,1.725,220.5,8.26,0.947,OK
M-102,2026-09-08T21:00:00Z,1.748,219.9,8.37,0.95,OK
M-102,2026-09-08T22:00:00Z,1.329,221,6.33,0.95,OK
M-102,2026-09-08T23:00:00Z,1.346,219.5,6.47,0.948,OK
M-102,2026-09-09T00:00:00Z,1.389,220.7,6.63,0.949,OK
M-102,2026-09-09T01:00:00Z,1.316,218.6,6.38,0.943,OK
M-102,2026-09-09T02:00:00Z,1.303,219.1,6.3,0.945,OK
M-102,2026-09-09T03:00:00Z,1.341,220.9,6.43,0.944,OK
M-102,2026-09-09T04:00:00Z,1.359,220.8,6.49,0.949,OK
M-102,2026-09-09T05:00:00Z,1.348,220.9,6.45,0.947,OK
M-102,2026-09-09T06:00:00Z,1.95,221.2,9.28,0.95,OK
M-102,2026-09-09T07:00:00Z,2.439,219.3,11.73,0.948,OK
M-102,2026-09-09T08:00:00Z,3.787,221.5,18.11,0.944,OK
M-102,2026-09-09T09:00:00Z,3.705,220.3,17.7,0.95,OK
M-102,2026-09-09T10:00:00Z,3.581,220.6,17.12,0.948,OK
M-102,2026-09-09T11:00:00Z,3.664,219.6,17.46,0.955,OK
M-102,2026-09-09T12:00:00Z,3.518,222,16.78,0.945,OK
M-102,2026-09-09T13:00:00Z,3.54,221,16.85,0.951,OK
M-102,2026-09-09T14:00:00Z,3.596,219.6,17.15,0.955,OK
M-102,2026-09-09T15:00:00Z,3.688,220.3,17.61,0.95,OK
M-102,2026-09-09T16:00:00Z,3.702,220.8,17.72,0.946,OK
M-102,2026-09-09T17:00:00Z,3.694,219.7,17.66,0.952,OK
M-102,2026-09-09T18:00:00Z,1.767,219.6,8.51,0.945,OK
M-102,2026-09-09T19:00:00Z,1.789,219.1,8.6,0.949,OK
M-102,2026-09-09T20:00:00Z,1.791,219.7,8.58,0.95,OK
M-102,2026-09-09T21:00:00Z,1.75,219.7,8.42,0.946,OK
M-102,2026-09-09T22:00:00Z,1.378,220.3,6.62,0.945,OK
M-102,2026-09-09T23:00:00Z,1.349,220.9,6.44,0.948,OK
M-102,2026-09-10T00:00:00Z,1.298,220.4,6.19,0.951,OK
M-102,2026-09-10T01:00:00Z,1.374,220,6.59,0.948,OK
M-102,2026-09-10T02:00:00Z,1.335,218.8,6.44,0.947,OK
M-102,2026-09-10T03:00:00Z,1.352,219.9,6.46,0.951,OK
M-102,2026-09-10T04:00:00Z,1.362,219.3,6.52,0.954,OK
M-102,2026-09-10T05:00:00Z,1.3,219.7,6.16,0.96,OK
M-102,2026-09-10T06:00:00Z,1.852,219,8.94,0.946,OK
M-102,2026-09-10T07:00:00Z,2.4,219.7,11.44,0.955,OK
M-102,2026-09-10T08:00:00Z,3.63,220.1,17.31,0.953,OK
M-102,2026-09-10T09:00:00Z,3.619,219.3,17.3,0.954,OK
M-102,2026-09-10T10:00:00Z,3.549,219.2,16.97,0.954,OK
M-102,2026-09-10T11:00:00Z,3.607,218.9,17.34,0.95,OK
M-102,2026-09-10T12:00:00Z,3.579,219.6,17.24,0.945,OK
M-102,2026-09-10T13:00:00Z,3.652,220.4,17.56,0.944,OK
M-102,2026-09-10T14:00:00Z,3.628,220.8,17.35,0.947,OK
M-102,2026-09-10T15:00:00Z,3.578,219.3,17.17,0.95,OK
M-102,2026-09-10T16:00:00Z,3.63,220,17.45,0.946,OK
M-102,2026-09-10T17:00:00Z,3.675,220.3,17.51,0.953,OK
M-102,2026-09-10T18:00:00Z,1.789,219.3,8.58,0.951,OK
M-102,2026-09-10T19:00:00Z,1.831,219,8.78,0.952,OK
M-102,2026-09-10T20:00:00Z,1.725,220.6,8.33,0.939,OK
M-102,2026-09-10T21:00:00Z,1.739,220.4,8.35,0.945,OK
M-102,2026-09-10T22:00:00Z,1.313,221,6.2,0.958,OK
M-102,2026-09-10T23:00:00Z,1.374,220.3,6.5,0.959,OK
M-102,2026-09-11T00:00:00Z,1.316,219.2,6.35,0.947,OK
M-102,2026-09-11T01:00:00Z,1.406,220.3,6.73,0.948,OK
M-102,2026-09-11T02:00:00Z,1.315,219.9,6.27,0.953,OK
M-102,2026-09-11T03:00:00Z,1.341,220.1,6.45,0.945,OK
M-102,2026-09-11T04:00:00Z,1.386,218.2,6.66,0.953,OK
M-102,2026-09-11T05:00:00Z,1.323,220.7,6.32,0.948,OK
M-102,2026-09-11T06:00:00Z,1.847,221.5,8.8,0.947,OK
M-102,2026-09-11T07:00:00Z,2.461,220.1,11.75,0.952,OK
M-102,2026-09-11T08:00:00Z,3.648,220.2,17.45,0.949,OK
M-102,2026-09-11T09:00:00Z,3.652,219.9,17.52,0.948,OK
M-102,2026-09-11T10:00:00Z,3.618,218.3,17.41,0.952,OK
M-102,2026-09-11T11:00:00Z,3.678,221.9,17.4,0.953,OK
M-102,2026-09-11T12:00:00Z,3.571,220.5,17.03,0.951,OK
M-102,2026-09-11T13:00:00Z,3.502,220.4,16.7,0.951,OK
M-102,2026-09-11T14:00:00Z,3.546,219.6,17.08,0.946,OK
M-102,2026-09-11T15:00:00Z,3.716,220.3,17.79,0.948,OK
M-102,2026-09-11T16:00:00Z,3.64,220.4,17.38,0.95,OK
M-102,2026-09-11T17:00:00Z,3.715,220.5,17.78,0.947,OK
M-102,2026-09-11T18:00:00Z,1.791,221.1,8.46,0.958,OK
M-102,2026-09-11T19:00:00Z,1.788,220,8.56,0.949,OK
M-102,2026-09-11T20:00:00Z,1.786,221,8.46,0.955,OK
M-102,2026-09-11T21:00:00Z,1.79,220,8.62,0.944,OK
M-102,2026-09-11T22:00:00Z,1.336,220.9,6.38,0.948,OK
M-102,2026-09-11T23:00:00Z,1.358,219.3,6.5,0.953,OK
M-102,2026-09-12T00:00:00Z,1.35,220.3,6.43,0.953,OK
M-102,2026-09-12T01:00:00Z,1.331,220.6,6.33,0.953,OK
M-102,2026-09-12T02:00:00Z,1.333,219,6.33,0.962,OK
M-102,2026-09-12T03:00:00Z,1.328,221.6,6.29,0.952,OK
M-102,2026-09-12T04:00:00Z,1.36,220.1,6.51,0.949,OK
M-102,2026-09-12T05:00:00Z,1.323,220.8,6.33,0.946,OK
M-102,2026-09-12T06:00:00Z,1.898,220.1,9.06,0.952,OK
M-102,2026-09-12T07:00:00Z,2.464,220.6,11.76,0.949,OK
M-102,2026-09-12T08:00:00Z,3.593,219.3,17.17,0.954,OK
M-102,2026-09-12T09:00:00Z,3.535,220.7,16.83,0.951,OK
M-102,2026-09-12T10:00:00Z,3.539,218.9,17.01,0.95,OK
M-102,2026-09-12T11:00:00Z,3.668,219.9,17.52,0.952,OK
M-102,2026-09-12T12:00:00Z,3.691,220.6,17.47,0.958,OK
M-102,2026-09-12T13:00:00Z,3.6,220,17.31,0.945,OK
M-102,2026-09-12T14:00:00Z,3.643,219.2,17.45,0.953,OK
M-102,2026-09-12T15:00:00Z,3.749,220.9,17.78,0.954,OK
M-102,2026-09-12T16:00:00Z,3.687,220.6,17.65,0.947,OK
M-102,2026-09-12T17:00:00Z,3.746,220.6,17.91,0.948,OK
M-102,2026-09-12T18:00:00Z,1.787,219.8,8.52,0.954,OK
M-102,2026-09-12T19:00:00Z,1.715,220.5,8.18,0.95,OK
M-102,2026-09-12T20:00:00Z,1.773,220.3,8.48,0.949,OK
M-102,2026-09-12T21:00:00Z,1.73,218.9,8.26,0.956,OK
M-102,2026-09-12T22:00:00Z,1.318,220,6.3,0.951,OK
M-102,2026-09-12T23:00:00Z,1.33,221.3,6.33,0.949,OK
M-102,2026-09-13T00:00:00Z,1.315,220.8,6.25,0.953,OK
M-102,2026-09-13T01:00:00Z,1.368,220.8,6.55,0.946,OK
M-102,2026-09-13T02:00:00Z,1.363,222.5,6.42,0.955,OK
M-102,2026-09-13T03:00:00Z,1.321,220,6.29,0.954,OK
M-102,2026-09-13T04:00:00Z,1.335,220,6.36,0.954,OK
M-102,2026-09-13T05:00:00Z,1.35,219.9,6.42,0.957,OK
M-102,2026-09-13T06:00:00Z,1.896,220.1,9.03,0.954,OK
M-102,2026-09-13T07:00:00Z,2.604,219.7,12.46,0.951,OK
M-102,2026-09-13T08:00:00Z,3.48,220.2,16.72,0.945,OK
M-102,2026-09-13T09:00:00Z,3.613,218.8,17.34,0.952,OK
M-102,2026-09-13T10:00:00Z,3.704,220.8,17.57,0.955,OK
M-102,2026-09-13T11:00:00Z,3.754,219.5,18.08,0.946,OK
M-102,2026-09-13T12:00:00Z,3.588,218.9,17.3,0.948,OK
M-102,2026-09-13T13:00:00Z,3.655,219.6,17.6,0.946,OK
M-102,2026-09-13T14:00:00Z,3.492,219.7,16.79,0.947,OK
M-102,2026-09-13T15:00:00Z,3.793,219.7,18.19,0.949,OK
M-102,2026-09-13T16:00:00Z,3.647,218.6,17.55,0.95,OK
M-102,2026-09-13T17:00:00Z,3.535,219.7,17.01,0.946,OK
M-102,2026-09-13T18:00:00Z,1.786,220,8.54,0.951,OK
M-102,2026-09-13T19:00:00Z,1.72,219.8,8.25,0.948,OK
M-102,2026-09-13T20:00:00Z,1.754,219.5,8.34,0.958,OK
M-102,2026-09-13T21:00:00Z,1.809,220.5,8.67,0.946,OK
M-102,2026-09-13T22:00:00Z,1.338,220,6.43,0.946,OK
M-102,2026-09-13T23:00:00Z,1.356,218.7,6.53,0.95,OK
M-102,2026-09-14T00:00:00Z,1.361,218.7,6.59,0.944,OK
M-102,2026-09-14T01:00:00Z,1.303,221.5,6.18,0.951,OK
M-102,2026-09-14T02:00:00Z,1.344,219.8,6.44,0.95,OK
M-102,2026-09-14T03:00:00Z,1.333,220.3,6.35,0.952,OK
M-102,2026-09-14T04:00:00Z,1.364,219.4,6.57,0.946,OK
M-102,2026-09-14T05:00:00Z,1.349,220.7,6.41,0.954,OK
M-102,2026-09-14T06:00:00Z,1.938,220.7,9.21,0.954,OK
M-102,2026-09-14T07:00:00Z,2.476,220.1,11.86,0.949,OK
M-102,2026-09-14T08:00:00Z,3.771,221.1,18.05,0.945,OK
M-102,2026-09-14T09:00:00Z,3.606,222.1,17.2,0.944,OK
M-102,2026-09-14T10:00:00Z,3.67,219.3,17.72,0.944,OK
M-102,2026-09-14T11:00:00Z,3.576,219.1,17.08,0.955,OK
M-102,2026-09-14T12:00:00Z,3.601,219.5,17.12,0.958,OK
M-102,2026-09-14T13:00:00Z,3.662,220.1,17.51,0.95,OK
M-102,2026-09-14T14:00:00Z,3.696,219.4,17.76,0.949,OK
M-102,2026-09-14T15:00:00Z,3.552,220.2,16.91,0.954,OK
M-102,2026-09-14T16:00:00Z,3.556,218.9,17.04,0.953,OK
M-102,2026-09-14T17:00:00Z,3.543,219.3,16.98,0.952,OK
M-102,2026-09-14T18:00:00Z,1.806,222.5,8.56,0.949,OK
M-102,2026-09-14T19:00:00Z,1.733,220,8.27,0.952,OK
M-102,2026-09-14T20:00:00Z,1.758,219.3,8.42,0.952,OK
M-102,2026-09-14T21:00:00Z,1.757,218.5,8.47,0.949,OK
M-102,2026-09-14T22:00:00Z,1.354,219.5,6.5,0.949,OK
M-102,2026-09-14T23:00:00Z,1.354,221,6.46,0.949,OK
M-103,2026-09-01T00:00:00Z,4.181,219.5,21.25,0.896,OK
M-103,2026-09-01T01:00:00Z,4.036,218.9,20.35,0.906,OK
M-103,2026-09-01T02:00:00Z,4.289,220,21.77,0.895,OK
M-103,2026-09-01T03:00:00Z,4.228,220.1,21.39,0.898,OK
M-103,2026-09-01T04:00:00Z,4.157,219,21.28,0.892,OK
M-103,2026-09-01T05:00:00Z,4.289,220.6,21.61,0.9,OK
M-103,2026-09-01T06:00:00Z,5.995,219.9,30.1,0.906,OK
M-103,2026-09-01T07:00:00Z,7.604,219.7,38.64,0.896,OK
M-103,2026-09-01T08:00:00Z,11.592,220.5,58.47,0.899,OK
M-103,2026-09-01T09:00:00Z,11.182,219.4,56.62,0.9,OK
M-103,2026-09-01T10:00:00Z,11.761,219.1,59.77,0.898,OK
M-103,2026-09-01T11:00:00Z,11.297,220,57.12,0.899,OK
M-103,2026-09-01T12:00:00Z,11.631,220.3,58.78,0.898,OK
M-103,2026-09-01T13:00:00Z,11.996,220.6,60.66,0.896,OK
M-103,2026-09-01T14:00:00Z,11.549,220.3,58.32,0.899,OK
M-103,2026-09-01T15:00:00Z,11.021,220,55.35,0.905,OK
M-103,2026-09-01T16:00:00Z,11.807,220.5,59.37,0.902,OK
M-103,2026-09-01T17:00:00Z,11.066,220.7,55.77,0.899,OK
M-103,2026-09-01T18:00:00Z,5.457,219.9,27.61,0.899,OK
M-103,2026-09-01T19:00:00Z,5.406,219.7,27.16,0.906,OK
M-103,2026-09-01T20:00:00Z,5.613,221,28.32,0.897,OK
M-103,2026-09-01T21:00:00Z,5.476,219.2,27.67,0.903,OK
M-103,2026-09-01T22:00:00Z,4.176,220.1,21.18,0.896,OK
M-103,2026-09-01T23:00:00Z,4.228,221.1,21.24,0.9,OK
M-103,2026-09-02T00:00:00Z,4.154,220.8,20.97,0.897,OK
M-103,2026-09-02T01:00:00Z,4.305,221,21.57,0.903,OK
M-103,2026-09-02T02:00:00Z,4.069,220.6,20.57,0.897,OK
M-103,2026-09-02T03:00:00Z,4.257,218.5,21.73,0.897,OK
M-103,2026-09-02T04:00:00Z,4.188,220.1,21.04,0.904,OK
M-103,2026-09-02T05:00:00Z,4.158,218.3,21.07,0.904,OK
M-103,2026-09-02T06:00:00Z,5.838,219.3,29.57,0.901,OK
M-103,2026-09-02T07:00:00Z,7.864,219.3,40.07,0.895,OK
M-103,2026-09-02T08:00:00Z,10.953,220.5,55.12,0.901,OK
M-103,2026-09-02T09:00:00Z,11.288,221.2,56.9,0.897,OK
M-103,2026-09-02T10:00:00Z,11.276,219.4,57.1,0.9,OK
M-103,2026-09-02T11:00:00Z,11.219,220,56.48,0.903,OK
M-103,2026-09-02T12:00:00Z,11.541,219,58.43,0.902,OK
M-103,2026-09-02T13:00:00Z,11.307,218.5,57.61,0.898,OK
M-103,2026-09-02T14:00:00Z,11.22,219.4,56.72,0.902,OK
M-103,2026-09-02T15:00:00Z,11.35,219.2,57.6,0.899,OK
M-103,2026-09-02T16:00:00Z,11.368,220.9,57.37,0.897,OK
M-103,2026-09-02T17:00:00Z,11.268,219.8,56.85,0.902,OK
M-103,2026-09-02T18:00:00Z,5.474,221.2,27.48,0.9,OK
M-103,2026-09-02T19:00:00Z,5.391,220.5,27.01,0.905,OK
M-103,2026-09-02T20:00:00Z,5.389,218.8,27.65,0.891,OK
M-103,2026-09-02T21:00:00Z,5.586,219.3,28.27,0.901,OK
M-103,2026-09-02T22:00:00Z,4.181,218.6,21.34,0.896,OK
M-103,2026-09-02T23:00:00Z,4.305,220.3,21.66,0.902,OK
M-103,2026-09-03T00:00:00Z,4.226,221.3,21.39,0.892,OK
M-103,2026-09-03T01:00:00Z,4.105,219.6,20.85,0.897,OK
M-103,2026-09-03T02:00:00Z,4.194,220.1,21.03,0.906,OK
M-103,2026-09-03T03:00:00Z,4.196,220.7,21.01,0.905,OK
M-103,2026-09-03T04:00:00Z,4.123,220.1,20.87,0.898,OK
M-103,2026-09-03T05:00:00Z,4.254,219.5,21.65,0.896,OK
M-103,2026-09-03T06:00:00Z,6.119,220.3,30.69,0.905,OK
M-103,2026-09-03T07:00:00Z,7.887,218.9,40.02,0.9,OK
M-103,2026-09-03T08:00:00Z,11.066,219.3,56.16,0.899,OK
M-103,2026-09-03T09:00:00Z,11.416,219.5,57.87,0.899,OK
M-103,2026-09-03T10:00:00Z,11.338,220,56.81,0.907,OK
M-103,2026-09-03T11:00:00Z,11.349,219.7,57.17,0.903,OK
M-103,2026-09-03T12:00:00Z,11.343,220.5,57.21,0.899,OK
M-103,2026-09-03T13:00:00Z,11.79,219.6,59.87,0.897,OK
M-103,2026-09-03T14:00:00Z,11.289,220.3,56.97,0.9,OK
M-103,2026-09-03T15:00:00Z,11.757,221,59.26,0.898,OK
M-103,2026-09-03T16:00:00Z,11.329,219.7,57.26,0.901,OK
M-103,2026-09-03T17:00:00Z,11.279,220.7,57.12,0.895,OK
M-103,2026-09-03T18:00:00Z,5.63,221,28.41,0.897,OK
M-103,2026-09-03T19:00:00Z,5.496,219.8,27.61,0.906,OK
M-103,2026-09-03T20:00:00Z,5.541,219.9,27.94,0.902,OK
M-103,2026-09-03T21:00:00Z,5.547,218.7,28.24,0.898,OK
M-103,2026-09-03T22:00:00Z,4.161,219.3,20.99,0.904,OK
M-103,2026-09-03T23:00:00Z,4.118,220.2,20.69,0.904,OK
M-103,2026-09-04T00:00:00Z,4.162,221.4,20.79,0.904,OK
M-103,2026-09-04T01:00:00Z,4.183,218.9,21.29,0.898,OK
M-103,2026-09-04T02:00:00Z,4.3,221,21.69,0.897,OK
M-103,2026-09-04T03:00:00Z,4.308,220,21.87,0.896,OK
M-103,2026-09-04T04:00:00Z,4.284,220.2,21.61,0.9,OK
M-103,2026-09-04T05:00:00Z,4.2,221.4,21.1,0.899,OK
M-103,2026-09-04T06:00:00Z,6.093,221.1,30.61,0.9,OK
M-103,2026-09-04T07:00:00Z,7.708,221.2,38.66,0.902,OK
M-103,2026-09-04T08:00:00Z,11.118,219.4,56.36,0.899,OK
M-103,2026-09-04T09:00:00Z,11.306,218.9,57.89,0.892,OK
M-103,2026-09-04T10:00:00Z,11.554,219.5,58.59,0.899,OK
M-103,2026-09-04T11:00:00Z,11.776,220.6,59.37,0.899,OK
M-103,2026-09-04T12:00:00Z,11.502,220.3,57.92,0.901,OK
M-103,2026-09-04T13:00:00Z,11.518,221.2,57.91,0.899,OK
M-103,2026-09-04T14:00:00Z,11.533,220.1,57.87,0.905,OK
M-103,2026-09-04T15:00:00Z,11.398,220.6,57.52,0.898,OK
M-103,2026-09-04T16:00:00Z,11.332,221.2,56.6,0.905,OK
M-103,2026-09-04T17:00:00Z,11.421,220.1,57.64,0.9,OK
M-103,2026-09-04T18:00:00Z,5.531,221,27.75,0.902,OK
M-103,2026-09-04T19:00:00Z,5.418,220.9,27.18,0.903,OK
M-103,2026-09-04T20:00:00Z,5.709,221.1,28.89,0.894,OK
M-103,2026-09-04T21:00:00Z,5.53,221.3,27.68,0.903,OK
M-103,2026-09-04T22:00:00Z,4.32,219.9,21.97,0.894,OK
M-103,2026-09-04T23:00:00Z,4.145,220.4,20.94,0.898,OK
M-103,2026-09-05T00:00:00Z,4.213,220.8,21.19,0.901,OK
M-103,2026-09-05T01:00:00Z,4.285,219.2,21.76,0.898,OK
M-103,2026-09-05T02:00:00Z,4.244,219.5,21.45,0.901,OK
M-103,2026-09-05T03:00:00Z,4.158,219.1,21.16,0.897,OK
M-103,2026-09-05T04:00:00Z,4.207,219.2,21.24,0.904,OK
M-103,2026-09-05T05:00:00Z,4.231,219.6,21.39,0.901,OK
M-103,2026-09-05T06:00:00Z,5.958,221.3,29.84,0.902,OK
M-103,2026-09-05T07:00:00Z,7.809,219.5,39.3,0.905,OK
M-103,2026-09-05T08:00:00Z,11.243,221.1,55.9,0.91,OK
M-103,2026-09-05T09:00:00Z,11.239,220.8,56.4,0.903,OK
M-103,2026-09-05T10:00:00Z,11.15,218.9,56.91,0.895,OK
M-103,2026-09-05T11:00:00Z,10.838,219.8,55.33,0.891,OK
M-103,2026-09-05T12:00:00Z,11.212,221.1,56.24,0.902,OK
M-103,2026-09-05T13:00:00Z,11.14,220.5,55.77,0.906,OK
M-103,2026-09-05T14:00:00Z,11.816,218.7,60.28,0.896,OK
M-103,2026-09-05T15:00:00Z,10.899,220.6,54.67,0.904,OK
M-103,2026-09-05T16:00:00Z,11.138,220.4,56.45,0.895,OK
M-103,2026-09-05T17:00:00Z,11.435,220.2,57.68,0.901,OK
M-103,2026-09-05T18:00:00Z,5.556,221.6,27.86,0.9,OK
M-103,2026-09-05T19:00:00Z,5.482,220.9,27.43,0.905,OK
M-103,2026-09-05T20:00:00Z,5.505,221,27.7,0.899,OK
M-103,2026-09-05T21:00:00Z,5.584,219.4,28.27,0.9,OK
M-103,2026-09-05T22:00:00Z,4.255,219.8,21.42,0.904,OK
M-103,2026-09-05T23:00:00Z,4.182,220,21.18,0.897,OK
M-103,2026-09-06T00:00:00Z,4.188,220,21.1,0.902,OK
M-103,2026-09-06T01:00:00Z,4.28,220.1,21.46,0.906,OK
M-103,2026-09-06T02:00:00Z,4.246,219.7,21.4,0.903,OK
M-103,2026-09-06T03:00:00Z,4.258,220.1,21.44,0.903,OK
M-103,2026-09-06T04:00:00Z,4.209,220,21.21,0.902,OK
M-103,2026-09-06T05:00:00Z,4.234,218.8,21.54,0.899,OK
M-103,2026-09-06T06:00:00Z,6.021,220.2,30.46,0.898,OK
M-103,2026-09-06T07:00:00Z,8.035,220.4,40.57,0.899,OK
M-103,2026-09-06T08:00:00Z,11.452,221.3,57.66,0.898,OK
M-103,2026-09-06T09:00:00Z,11.675,219.9,58.96,0.9,OK
M-103,2026-09-06T10:00:00Z,11.065,220,55.4,0.908,OK
M-103,2026-09-06T11:00:00Z,11.3,219.5,57.45,0.896,OK
M-103,2026-09-06T12:00:00Z,11.436,219.9,57.6,0.903,OK
M-103,2026-09-06T13:00:00Z,11.808,220.1,59.88,0.896,OK
M-103,2026-09-06T14:00:00Z,11.091,220.4,55.97,0.899,OK
M-103,2026-09-06T15:00:00Z,11.113,219.1,56.31,0.901,OK
M-103,2026-09-06T16:00:00Z,11.298,220.6,57.07,0.897,OK
M-103,2026-09-06T17:00:00Z,11.389,219.2,58.09,0.894,OK
M-103,2026-09-06T18:00:00Z,5.55,220.2,27.89,0.904,OK
M-103,2026-09-06T19:00:00Z,5.578,219.9,28.16,0.901,OK
M-103,2026-09-06T20:00:00Z,5.695,219.9,28.77,0.9,OK
M-103,2026-09-06T21:00:00Z,5.567,218.8,28.2,0.902,OK
M-103,2026-09-06T22:00:00Z,4.272,220.6,21.68,0.893,OK
M-103,2026-09-06T23:00:00Z,4.156,218.7,21.12,0.9,OK
M-103,2026-09-07T00:00:00Z,4.249,220,21.71,0.889,OK
M-103,2026-09-07T01:00:00Z,4.152,220.7,20.88,0.901,OK
M-103,2026-09-07T02:00:00Z,4.327,220.9,21.7,0.903,OK
M-103,2026-09-07T03:00:00Z,4.189,219.5,21.23,0.899,OK
M-103,2026-09-07T04:00:00Z,4.27,220.6,21.45,0.902,OK
M-103,2026-09-07T05:00:00Z,4.353,220.3,21.94,0.901,OK
M-103,2026-09-07T06:00:00Z,6.061,219.7,30.87,0.894,OK
M-103,2026-09-07T07:00:00Z,7.824,220.1,39.36,0.903,OK
M-103,2026-09-07T08:00:00Z,10.982,218.5,55.83,0.9,OK
M-103,2026-09-07T09:00:00Z,11.078,218.7,56.75,0.893,OK
M-103,2026-09-07T10:00:00Z,11.541,220.6,58.05,0.901,OK
M-103,2026-09-07T11:00:00Z,11.567,220.9,58.26,0.899,OK
M-103,2026-09-07T12:00:00Z,10.982,220.5,55.77,0.893,OK
M-103,2026-09-07T13:00:00Z,11.381,219.8,57.44,0.901,OK
M-103,2026-09-07T14:00:00Z,11.382,219.7,57.49,0.901,OK
M-103,2026-09-07T15:00:00Z,11.057,220.7,55.61,0.901,OK
M-103,2026-09-07T16:00:00Z,11.422,220.6,57.06,0.907,OK
M-103,2026-09-07T17:00:00Z,11.446,220.8,57.12,0.908,OK
M-103,2026-09-07T18:00:00Z,5.613,219.1,28.34,0.904,OK
M-103,2026-09-07T19:00:00Z,5.568,220.8,28.2,0.894,OK
M-103,2026-09-07T20:00:00Z,5.46,219.9,27.58,0.9,OK
M-103,2026-09-07T21:00:00Z,5.438,219.8,27.43,0.902,OK
M-103,2026-09-07T22:00:00Z,4.166,219.9,21.09,0.898,OK
M-103,2026-09-07T23:00:00Z,4.077,219.7,20.61,0.901,OK
M-103,2026-09-08T00:00:00Z,4.051,220.4,20.34,0.903,OK
M-103,2026-09-08T01:00:00Z,3.928,219.6,20.07,0.891,OK
M-103,2026-09-08T02:00:00Z,4.152,218.8,21,0.904,OK
M-103,2026-09-08T03:00:00Z,4.223,218.7,21.5,0.898,OK
M-103,2026-09-08T04:00:00Z,4.082,221.2,20.34,0.907,OK
M-103,2026-09-08T05:00:00Z,4.068,219.4,20.54,0.902,OK
M-103,2026-09-08T06:00:00Z,5.749,217.9,29.19,0.904,OK
M-103,2026-09-08T07:00:00Z,7.486,220.9,37.43,0.905,OK
M-103,2026-09-08T08:00:00Z,11.5,219.2,58.15,0.902,OK
M-103,2026-09-08T09:00:00Z,11.124,220.8,55.69,0.905,OK
M-103,2026-09-08T10:00:00Z,10.839,220.1,54.73,0.9,OK
M-103,2026-09-08T11:00:00Z,10.899,220,55,0.901,OK
M-103,2026-09-08T12:00:00Z,11.089,220.3,55.91,0.9,OK
M-103,2026-09-08T13:00:00Z,10.853,219.1,54.8,0.904,OK
M-103,2026-09-08T14:00:00Z,11.082,221.2,55.48,0.903,OK
M-103,2026-09-08T15:00:00Z,10.946,219.5,55.9,0.892,OK
M-103,2026-09-08T16:00:00Z,10.811,220.9,54.13,0.904,OK
M-103,2026-09-08T17:00:00Z,11.272,219.6,56.66,0.906,OK
M-103,2026-09-08T18:00:00Z,5.235,220.3,26.48,0.898,OK
M-103,2026-09-08T19:00:00Z,5.12,219.6,25.76,0.905,OK
M-103,2026-09-08T20:00:00Z,5.211,220.3,26.34,0.898,OK
M-103,2026-09-08T21:00:00Z,5.402,219.1,27.6,0.894,OK
M-103,2026-09-08T22:00:00Z,3.878,219.1,19.64,0.901,OK
M-103,2026-09-08T23:00:00Z,3.97,219.9,20.02,0.902,OK
M-103,2026-09-09T00:00:00Z,3.997,220.6,20.09,0.902,OK
M-103,2026-09-09T01:00:00Z,4.055,220.3,20.62,0.893,OK
M-103,2026-09-09T02:00:00Z,3.99,221.5,20.07,0.898,OK
M-103,2026-09-09T03:00:00Z,4.046,220.2,20.49,0.897,OK
M-103,2026-09-09T04:00:00Z,4.031,219.3,20.49,0.897,OK
M-103,2026-09-09T05:00:00Z,3.947,219.1,19.92,0.904,OK
M-103,2026-09-09T06:00:00Z,5.694,219.8,28.83,0.898,OK
M-103,2026-09-09T07:00:00Z,7.45,218.7,38.02,0.896,OK
M-103,2026-09-09T08:00:00Z,10.734,219.4,54.3,0.901,OK
M-103,2026-09-09T09:00:00Z,11.097,219.2,56.27,0.9,OK
M-103,2026-09-09T10:00:00Z,11.057,220.6,55.49,0.903,OK
M-103,2026-09-09T11:00:00Z,10.91,219.3,55.15,0.902,OK
M-103,2026-09-09T12:00:00Z,10.888,220.6,54.36,0.908,OK
M-103,2026-09-09T13:00:00Z,11.154,220.8,56.32,0.897,OK
M-103,2026-09-09T14:00:00Z,11.168,219.5,56.51,0.901,OK
M-103,2026-09-09T15:00:00Z,11.135,219.3,56.17,0.904,OK
M-103,2026-09-09T16:00:00Z,10.936,219.7,55.24,0.901,OK
M-103,2026-09-09T17:00:00Z,11.003,219.5,55.59,0.902,OK
M-103,2026-09-09T18:00:00Z,5.428,220,27.36,0.902,OK
M-103,2026-09-09T19:00:00Z,5.29,219.5,26.97,0.894,OK
M-103,2026-09-09T20:00:00Z,5.524,219.4,27.97,0.9,OK
M-103,2026-09-09T21:00:00Z,5.451,218.9,27.67,0.9,OK
M-103,2026-09-09T22:00:00Z,3.992,219.3,20.43,0.891,OK
M-103,2026-09-09T23:00:00Z,3.984,220.2,20.12,0.899,OK
M-103,2026-09-10T00:00:00Z,3.977,219,20.11,0.903,OK
M-103,2026-09-10T01:00:00Z,4.061,219.6,20.59,0.898,OK
M-103,2026-09-10T02:00:00Z,4.02,219,20.39,0.9,OK
M-103,2026-09-10T03:00:00Z,3.961,219.8,19.94,0.904,OK
M-103,2026-09-10T04:00:00Z,4.116,218.9,20.79,0.904,OK
M-103,2026-09-10T05:00:00Z,3.925,219.9,19.85,0.899,OK
M-103,2026-09-10T06:00:00Z,5.827,220.6,29.5,0.895,OK
M-103,2026-09-10T07:00:00Z,7.595,218.9,38.72,0.896,OK
M-103,2026-09-10T08:00:00Z,10.96,220.8,55.4,0.896,OK
M-103,2026-09-10T09:00:00Z,10.652,220.8,53.39,0.904,OK
M-103,2026-09-10T10:00:00Z,10.655,220.4,53.51,0.903,OK
M-103,2026-09-10T11:00:00Z,10.853,218.7,55.19,0.899,OK
M-103,2026-09-10T12:00:00Z,11.098,219.6,56.89,0.888,OK
M-103,2026-09-10T13:00:00Z,11.031,220.6,55.85,0.895,OK
M-103,2026-09-10T14:00:00Z,11.014,220.6,55.92,0.893,OK
M-103,2026-09-10T15:00:00Z,10.763,217.6,54.87,0.901,OK
M-103,2026-09-10T16:00:00Z,10.898,219.4,55.19,0.9,OK
M-103,2026-09-10T17:00:00Z,10.849,220.6,54.69,0.899,OK
M-103,2026-09-10T18:00:00Z,5.518,218.8,28.06,0.899,OK
M-103,2026-09-10T19:00:00Z,5.315,219.2,26.89,0.902,OK
M-103,2026-09-10T20:00:00Z,5.369,219.1,27.2,0.901,OK
M-103,2026-09-10T21:00:00Z,5.369,220.9,27.1,0.897,OK
M-103,2026-09-10T22:00:00Z,4.058,220,20.53,0.898,OK
M-103,2026-09-10T23:00:00Z,4.002,221.4,20.18,0.896,OK
M-103,2026-09-11T00:00:00Z,4.05,219.4,20.52,0.9,OK
M-103,2026-09-11T01:00:00Z,4.032,219.6,20.37,0.901,OK
M-103,2026-09-11T02:00:00Z,3.946,220.3,19.73,0.908,OK
M-103,2026-09-11T03:00:00Z,4.085,220,20.65,0.899,OK
M-103,2026-09-11T04:00:00Z,3.95,220.9,19.76,0.905,OK
M-103,2026-09-11T05:00:00Z,3.996,219.9,20.39,0.891,OK
M-103,2026-09-11T06:00:00Z,5.833,221.9,29.13,0.902,OK
M-103,2026-09-11T07:00:00Z,7.429,218.6,37.81,0.899,OK
M-103,2026-09-11T08:00:00Z,10.881,219.9,55.3,0.895,OK
M-103,2026-09-11T09:00:00Z,10.854,219.5,55.21,0.896,OK
M-103,2026-09-11T10:00:00Z,11.026,219.3,56.36,0.892,OK
M-103,2026-09-11T11:00:00Z,11.138,219.9,56.2,0.901,OK
M-103,2026-09-11T12:00:00Z,10.82,219.5,54.95,0.897,OK
M-103,2026-09-11T13:00:00Z,11,218.8,55.82,0.901,OK
M-103,2026-09-11T14:00:00Z,10.57,219.7,53.78,0.894,OK
M-103,2026-09-11T15:00:00Z,10.981,219.1,55.54,0.902,OK
M-103,2026-09-11T16:00:00Z,10.699,220.8,53.67,0.903,OK
M-103,2026-09-11T17:00:00Z,11.225,219.5,56.66,0.903,OK
M-103,2026-09-11T18:00:00Z,5.229,219.9,26.19,0.908,OK
M-103,2026-09-11T19:00:00Z,5.192,219.3,26.21,0.903,OK
M-103,2026-09-11T20:00:00Z,5.508,220.6,27.76,0.899,OK
M-103,2026-09-11T21:00:00Z,5.275,219.3,26.72,0.9,OK
M-103,2026-09-11T22:00:00Z,4.192,220,21.22,0.898,OK
M-103,2026-09-11T23:00:00Z,4.164,220.9,20.98,0.898,OK
M-103,2026-09-12T00:00:00Z,4.222,219.5,21.3,0.903,OK
M-103,2026-09-12T01:00:00Z,4.08,219.3,20.76,0.896,OK
M-103,2026-09-12T02:00:00Z,4.088,219,20.7,0.902,OK
M-103,2026-09-12T03:00:00Z,4.147,220.1,20.82,0.905,OK
M-103,2026-09-12T04:00:00Z,3.942,221.3,19.92,0.894,OK
M-103,2026-09-12T05:00:00Z,4.098,219.6,20.68,0.902,OK
M-103,2026-09-12T06:00:00Z,5.815,219.7,29.36,0.901,OK
M-103,2026-09-12T07:00:00Z,7.326,219.3,37.01,0.903,OK
M-103,2026-09-12T08:00:00Z,11.338,220.2,57.13,0.901,OK
M-103,2026-09-12T09:00:00Z,11.229,218.7,57.02,0.9,OK
M-103,2026-09-12T10:00:00Z,11.133,220.4,56.36,0.896,OK
M-103,2026-09-12T11:00:00Z,10.954,220.2,55.24,0.901,OK
M-103,2026-09-12T12:00:00Z,10.99,220.6,55.2,0.902,OK
M-103,2026-09-12T13:00:00Z,11.213,219.4,56.74,0.901,OK
M-103,2026-09-12T14:00:00Z,10.745,220.4,54.29,0.898,OK
M-103,2026-09-12T15:00:00Z,10.963,218.9,55.96,0.895,OK
M-103,2026-09-12T16:00:00Z,11.122,220.9,56.34,0.893,OK
M-103,2026-09-12T17:00:00Z,11.027,221.7,55.23,0.9,OK
M-103,2026-09-12T18:00:00Z,5.255,219.8,26.55,0.9,OK
M-103,2026-09-12T19:00:00Z,5.221,220.1,26.45,0.897,OK
M-103,2026-09-12T20:00:00Z,5.349,220.5,26.88,0.902,OK
M-103,2026-09-12T21:00:00Z,5.187,220.9,26.12,0.899,OK
M-103,2026-09-12T22:00:00Z,3.907,219.8,19.8,0.898,OK
M-103,2026-09-12T23:00:00Z,4.054,220,20.44,0.902,OK
M-103,2026-09-13T00:00:00Z,4.113,220.7,20.66,0.902,OK
M-103,2026-09-13T01:00:00Z,4.044,221,20.53,0.891,OK
M-103,2026-09-13T02:00:00Z,4.059,219.9,20.5,0.901,OK
M-103,2026-09-13T03:00:00Z,4.224,219.2,21.47,0.898,OK
M-103,2026-09-13T04:00:00Z,4.189,222.6,20.88,0.901,OK
M-103,2026-09-13T05:00:00Z,4.02,219.4,20.28,0.904,OK
M-103,2026-09-13T06:00:00Z,5.841,219.3,29.59,0.9,OK
M-103,2026-09-13T07:00:00Z,7.549,219.8,38.36,0.895,OK
M-103,2026-09-13T08:00:00Z,10.705,220,54.3,0.896,OK
M-103,2026-09-13T09:00:00Z,10.928,219.7,55.26,0.9,OK
M-103,2026-09-13T10:00:00Z,10.965,219.6,55.43,0.901,OK
M-103,2026-09-13T11:00:00Z,10.758,220.6,53.75,0.907,OK
M-103,2026-09-13T12:00:00Z,10.919,219.8,55.17,0.9,OK
M-103,2026-09-13T13:00:00Z,11.104,220.9,56.07,0.896,OK
M-103,2026-09-13T14:00:00Z,11.109,218.6,56.44,0.9,OK
M-103,2026-09-13T15:00:00Z,10.837,220.5,54.34,0.904,OK
M-103,2026-09-13T16:00:00Z,11.537,220.8,57.82,0.904,OK
M-103,2026-09-13T17:00:00Z,10.931,220.7,55.3,0.896,OK
M-103,2026-09-13T18:00:00Z,5.261,220.9,26.53,0.898,OK
M-103,2026-09-13T19:00:00Z,5.479,220.3,27.63,0.9,OK
M-103,2026-09-13T20:00:00Z,5.298,219.1,26.88,0.899,OK
M-103,2026-09-13T21:00:00Z,5.3,220.1,26.6,0.905,OK
M-103,2026-09-13T22:00:00Z,4.108,220.9,20.72,0.898,OK
M-103,2026-09-13T23:00:00Z,3.881,220.2,19.72,0.893,OK
M-103,2026-09-14T00:00:00Z,3.936,220.1,19.97,0.895,OK
M-103,2026-09-14T01:00:00Z,4.004,220.1,20.26,0.898,OK
M-103,2026-09-14T02:00:00Z,3.935,220.6,19.78,0.902,OK
M-103,2026-09-14T03:00:00Z,4.007,219.3,20.3,0.9,OK
M-103,2026-09-14T04:00:00Z,3.98,219.1,20.27,0.896,OK
M-103,2026-09-14T05:00:00Z,4.121,220.9,20.6,0.906,OK
M-103,2026-09-14T06:00:00Z,5.764,219.4,29.11,0.902,OK
M-103,2026-09-14T07:00:00Z,7.421,220.2,37.54,0.898,OK
M-103,2026-09-14T08:00:00Z,11.249,218.7,57.32,0.898,OK
M-103,2026-09-14T09:00:00Z,10.954,220,55.87,0.891,OK
M-103,2026-09-14T10:00:00Z,10.944,220.1,55.07,0.903,OK
M-103,2026-09-14T11:00:00Z,10.893,218.6,55.61,0.896,OK
M-103,2026-09-14T12:00:00Z,10.835,220.8,54.27,0.904,OK
M-103,2026-09-14T13:00:00Z,10.759,219.7,54.78,0.894,OK
M-103,2026-09-14T14:00:00Z,11.405,221.1,57.8,0.893,OK
M-103,2026-09-14T15:00:00Z,10.948,219.3,55.47,0.9,OK
M-103,2026-09-14T16:00:00Z,11.125,220.1,56.58,0.893,OK
M-103,2026-09-14T17:00:00Z,11.139,219.3,56.62,0.897,OK
M-103,2026-09-14T18:00:00Z,5.243,220.6,26.66,0.892,OK
M-103,2026-09-14T19:00:00Z,5.141,219.7,26.04,0.899,OK
M-103,2026-09-14T20:00:00Z,5.469,220.2,27.65,0.898,OK
M-103,2026-09-14T21:00:00Z,5.078,219.3,25.53,0.907,OK
M-103,2026-09-14T22:00:00Z,4.06,220.4,20.61,0.894,OK
M-103,2026-09-14T23:00:00Z,3.994,219.8,20.22,0.898,OK
M-104,2026-09-01T00:00:00Z,4.084,220.4,20.27,0.914,OK
M-104,2026-09-01T01:00:00Z,4.208,220,20.72,0.923,OK
M-104,2026-09-01T02:00:00Z,4.111,221.1,20.28,0.917,OK
M-104,2026-09-01T03:00:00Z,4.069,219.1,20.34,0.913,OK
M-104,2026-09-01T04:00:00Z,4.329,221.4,21.3,0.918,OK
M-104,2026-09-01T05:00:00Z,4.057,220.2,20.06,0.918,OK
M-104,2026-09-01T06:00:00Z,5.852,219.1,28.97,0.922,OK
M-104,2026-09-01T07:00:00Z,7.774,219.5,38.25,0.926,OK
M-104,2026-09-01T08:00:00Z,11.437,219.6,56.21,0.926,OK
M-104,2026-09-01T09:00:00Z,10.897,219.1,53.84,0.924,OK
M-104,2026-09-01T10:00:00Z,11.135,219.3,55.12,0.921,OK
M-104,2026-09-01T11:00:00Z,11.167,220.5,55.61,0.91,OK
M-104,2026-09-01T12:00:00Z,10.982,219.4,54.63,0.916,OK
M-104,2026-09-01T13:00:00Z,10.822,219.9,53.79,0.915,OK
M-104,2026-09-01T14:00:00Z,10.889,220.3,53.72,0.92,OK
M-104,2026-09-01T15:00:00Z,10.974,220.9,53.78,0.924,OK
M-104,2026-09-01T16:00:00Z,11.228,221.9,55.35,0.914,OK
M-104,2026-09-01T17:00:00Z,10.981,220.2,54.36,0.917,OK
M-104,2026-09-01T18:00:00Z,5.433,221,26.65,0.922,OK
M-104,2026-09-01T19:00:00Z,5.463,219.5,27.15,0.917,OK
M-104,2026-09-01T20:00:00Z,5.449,220.1,26.89,0.921,OK
M-104,2026-09-01T21:00:00Z,5.459,218.4,27.03,0.925,OK
M-104,2026-09-01T22:00:00Z,3.842,218.9,19.06,0.921,OK
M-104,2026-09-01T23:00:00Z,4.155,219.9,20.69,0.913,OK
M-104,2026-09-02T00:00:00Z,4.102,220.5,20.31,0.916,OK
M-104,2026-09-02T01:00:00Z,4.188,221.1,20.72,0.914,OK
M-104,2026-09-02T02:00:00Z,4.152,220.2,20.5,0.92,OK
M-104,2026-09-02T03:00:00Z,4.1,219.9,20.14,0.926,OK
M-104,2026-09-02T04:00:00Z,4.171,220.5,20.56,0.92,OK
M-104,2026-09-02T05:00:00Z,3.981,220.2,19.65,0.92,OK
M-104,2026-09-02T06:00:00Z,5.871,220.3,29.01,0.919,OK
M-104,2026-09-02T07:00:00Z,7.797,221.3,37.89,0.93,OK
M-104,2026-09-02T08:00:00Z,11.271,219.5,55.94,0.918,OK
M-104,2026-09-02T09:00:00Z,11.269,219.4,55.84,0.92,OK
M-104,2026-09-02T10:00:00Z,11.334,221.1,55.53,0.923,OK
M-104,2026-09-02T11:00:00Z,10.698,219.4,53.36,0.914,OK
M-104,2026-09-02T12:00:00Z,11.155,219.8,55.06,0.922,OK
M-104,2026-09-02T13:00:00Z,11.32,220.3,55.77,0.921,OK
M-104,2026-09-02T14:00:00Z,11.127,219.4,55.16,0.92,OK
M-104,2026-09-02T15:00:00Z,11.533,219,57.24,0.92,OK
M-104,2026-09-02T16:00:00Z,11.567,219.8,56.57,0.93,OK
M-104,2026-09-02T17:00:00Z,11.115,219.9,54.84,0.921,OK
M-104,2026-09-02T18:00:00Z,5.386,221.4,26.46,0.919,OK
M-104,2026-09-02T19:00:00Z,5.397,221,26.51,0.921,OK
M-104,2026-09-02T20:00:00Z,5.648,218.6,28.24,0.915,OK
M-104,2026-09-02T21:00:00Z,5.517,220,27.12,0.925,OK
M-104,2026-09-02T22:00:00Z,4.08,220,20.2,0.918,OK
M-104,2026-09-02T23:00:00Z,3.977,219.6,19.7,0.92,OK
M-104,2026-09-03T00:00:00Z,4.005,220.4,19.63,0.926,OK
M-104,2026-09-03T01:00:00Z,4.196,220.1,20.83,0.915,OK
M-104,2026-09-03T02:00:00Z,4.078,218.5,20.21,0.923,OK
M-104,2026-09-03T03:00:00Z,4.189,220.6,20.61,0.921,OK
M-104,2026-09-03T04:00:00Z,4.2,220.4,20.8,0.916,OK
M-104,2026-09-03T05:00:00Z,4.121,221.7,20.18,0.921,OK
M-104,2026-09-03T06:00:00Z,5.852,219,29,0.921,OK
M-104,2026-09-03T07:00:00Z,7.761,219.3,38.5,0.919,OK
M-104,2026-09-03T08:00:00Z,11.069,220.5,54.47,0.922,OK
M-104,2026-09-03T09:00:00Z,11.321,220.7,55.94,0.917,OK
M-104,2026-09-03T10:00:00Z,11.826,219.1,58.63,0.921,OK
M-104,2026-09-03T11:00:00Z,11.016,220.8,54.49,0.916,OK
M-104,2026-09-03T12:00:00Z,10.604,220.6,52.33,0.919,OK
M-104,2026-09-03T13:00:00Z,11.507,219.4,57.01,0.92,OK
M-104,2026-09-03T14:00:00Z,11.128,220.2,55.38,0.913,OK
M-104,2026-09-03T15:00:00Z,11.37,219.9,56.09,0.922,OK
M-104,2026-09-03T16:00:00Z,11.373,219.6,56.79,0.912,OK
M-104,2026-09-03T17:00:00Z,10.912,219.5,54.12,0.919,OK
M-104,2026-09-03T18:00:00Z,5.382,221,26.66,0.914,OK
M-104,2026-09-03T19:00:00Z,5.33,219.9,26.57,0.912,OK
M-104,2026-09-03T20:00:00Z,5.375,221.4,26.58,0.913,OK
M-104,2026-09-03T21:00:00Z,5.414,222,26.45,0.922,OK
M-104,2026-09-03T22:00:00Z,4.091,220.7,19.97,0.928,OK
M-104,2026-09-03T23:00:00Z,4.066,219.2,20.17,0.92,OK
M-104,2026-09-04T00:00:00Z,4.117,218.3,20.55,0.918,OK
M-104,2026-09-04T01:00:00Z,4.171,221.5,20.45,0.921,OK
M-104,2026-09-04T02:00:00Z,4.162,219.7,20.42,0.928,OK
M-104,2026-09-04T03:00:00Z,4.146,220.5,20.48,0.918,OK
M-104,2026-09-04T04:00:00Z,4.147,219.3,20.61,0.918,OK
M-104,2026-09-04T05:00:00Z,4.076,219.7,20.16,0.92,OK
M-104,2026-09-04T06:00:00Z,5.773,220.3,28.51,0.919,OK
M-104,2026-09-04T07:00:00Z,7.582,217.7,37.61,0.926,OK
M-104,2026-09-04T08:00:00Z,10.894,220.1,53.68,0.922,OK
M-104,2026-09-04T09:00:00Z,11.459,219.6,56.86,0.918,OK
M-104,2026-09-04T10:00:00Z,11.07,219.3,54.78,0.922,OK
M-104,2026-09-04T11:00:00Z,10.976,219.3,54.1,0.925,OK
M-104,2026-09-04T12:00:00Z,11.094,219.7,54.67,0.924,OK
M-104,2026-09-04T13:00:00Z,11.218,220,55.09,0.925,OK
M-104,2026-09-04T14:00:00Z,11.071,218.6,55.18,0.918,OK
M-104,2026-09-04T15:00:00Z,11.166,220.6,55.08,0.919,OK
M-104,2026-09-04T16:00:00Z,11.289,220,56.11,0.915,OK
M-104,2026-09-04T17:00:00Z,11.054,219.3,54.8,0.92,OK
M-104,2026-09-04T18:00:00Z,5.609,218.9,27.83,0.921,OK
M-104,2026-09-04T19:00:00Z,5.23,221.5,25.75,0.917,OK
M-104,2026-09-04T20:00:00Z,5.202,220.1,25.55,0.925,OK
M-104,2026-09-04T21:00:00Z,5.642,218,28.36,0.913,OK
M-104,2026-09-04T22:00:00Z,4.115,219.8,20.32,0.921,OK
M-104,2026-09-04T23:00:00Z,3.988,220.1,19.85,0.913,OK
M-104,2026-09-05T00:00:00Z,4.135,220.6,20.28,0.924,OK
M-104,2026-09-05T01:00:00Z,4.169,221.3,20.51,0.918,OK
M-104,2026-09-05T02:00:00Z,4.083,218.5,20.41,0.916,OK
M-104,2026-09-05T03:00:00Z,4.261,220.5,20.98,0.921,OK
M-104,2026-09-05T04:00:00Z,4.176,219.9,20.71,0.917,OK
M-104,2026-09-05T05:00:00Z,4.04,220.7,19.88,0.921,OK
M-104,2026-09-05T06:00:00Z,5.718,220.7,28.15,0.92,OK
M-104,2026-09-05T07:00:00Z,7.549,221.1,37.11,0.92,OK
M-104,2026-09-05T08:00:00Z,11.518,221.3,56.83,0.916,OK
M-104,2026-09-05T09:00:00Z,11.482,220.1,56.99,0.916,OK
M-104,2026-09-05T10:00:00Z,11.085,220.1,54.8,0.919,OK
M-104,2026-09-05T11:00:00Z,11.194,220.2,55.04,0.924,OK
M-104,2026-09-05T12:00:00Z,11.351,220.5,56.06,0.918,OK
M-104,2026-09-05T13:00:00Z,11.253,219.2,56.06,0.916,OK
M-104,2026-09-05T14:00:00Z,11.099,220.4,54.78,0.919,OK
M-104,2026-09-05T15:00:00Z,11.194,219.7,55.1,0.924,OK
M-104,2026-09-05T16:00:00Z,11.39,219.7,56.55,0.917,OK
M-104,2026-09-05T17:00:00Z,10.931,219.7,54.02,0.921,OK
M-104,2026-09-05T18:00:00Z,5.454,218.8,27.12,0.919,OK
M-104,2026-09-05T19:00:00Z,5.444,219.6,26.75,0.927,OK
M-104,2026-09-05T20:00:00Z,5.308,219.8,26.2,0.921,OK
M-104,2026-09-05T21:00:00Z,5.302,219.2,26.22,0.923,OK
M-104,2026-09-05T22:00:00Z,4.091,220,20.24,0.918,OK
M-104,2026-09-05T23:00:00Z,4.129,219.6,20.48,0.918,OK
M-104,2026-09-06T00:00:00Z,4.191,219.4,20.58,0.928,OK
M-104,2026-09-06T01:00:00Z,4.093,220.6,20.13,0.922,OK
M-104,2026-09-06T02:00:00Z,4.071,218.8,20.19,0.922,OK
M-104,2026-09-06T03:00:00Z,4.147,221.1,20.39,0.92,OK
M-104,2026-09-06T04:00:00Z,4.042,220.5,19.89,0.922,OK
M-104,2026-09-06T05:00:00Z,4.13,220.1,20.39,0.92,OK
M-104,2026-09-06T06:00:00Z,5.838,219.9,28.75,0.923,OK
M-104,2026-09-06T07:00:00Z,7.714,219.6,38.31,0.917,OK
M-104,2026-09-06T08:00:00Z,11.19,219.8,55.27,0.921,OK
M-104,2026-09-06T09:00:00Z,11.534,219.9,56.76,0.924,OK
M-104,2026-09-06T10:00:00Z,11.08,221.2,54.56,0.918,OK
M-104,2026-09-06T11:00:00Z,11.183,220.2,55.23,0.92,OK
M-104,2026-09-06T12:00:00Z,11.158,219,55.28,0.922,OK
M-104,2026-09-06T13:00:00Z,11.352,220.1,56,0.921,OK
M-104,2026-09-06T14:00:00Z,11.141,219.8,55.08,0.92,OK
M-104,2026-09-06T15:00:00Z,11.342,220.1,56.03,0.919,OK
M-104,2026-09-06T16:00:00Z,11.231,220,55.4,0.921,OK
M-104,2026-09-06T17:00:00Z,11.306,219.1,56.14,0.919,OK
M-104,2026-09-06T18:00:00Z,5.499,219.3,27.27,0.92,OK
M-104,2026-09-06T19:00:00Z,5.539,219.7,27.4,0.92,OK
M-104,2026-09-06T20:00:00Z,5.411,219.9,26.61,0.925,OK
M-104,2026-09-06T21:00:00Z,5.351,220.1,26.5,0.918,OK
M-104,2026-09-06T22:00:00Z,4.143,219.8,20.68,0.912,OK
M-104,2026-09-06T23:00:00Z,4.073,220.4,20.04,0.922,OK
M-104,2026-09-07T00:00:00Z,4.243,220.4,20.8,0.926,OK
M-104,2026-09-07T01:00:00Z,4.263,219.4,21.12,0.92,OK
M-104,2026-09-07T02:00:00Z,3.991,220.5,19.73,0.918,OK
M-104,2026-09-07T03:00:00Z,4.086,220.1,20.03,0.927,OK
M-104,2026-09-07T04:00:00Z,4.221,220.5,20.71,0.925,OK
M-104,2026-09-07T05:00:00Z,4.138,220.9,20.44,0.916,OK
M-104,2026-09-07T06:00:00Z,5.859,220.2,28.95,0.919,OK
M-104,2026-09-07T07:00:00Z,7.811,219.7,38.95,0.913,OK
M-104,2026-09-07T08:00:00Z,11.442,219.8,56.69,0.918,OK
M-104,2026-09-07T09:00:00Z,11.292,218.6,56.33,0.917,OK
M-104,2026-09-07T10:00:00Z,11.623,220.6,57.51,0.916,OK
M-104,2026-09-07T11:00:00Z,10.928,220.8,54.02,0.916,OK
M-104,2026-09-07T12:00:00Z,11.381,221.1,55.89,0.921,OK
M-104,2026-09-07T13:00:00Z,11.188,219.7,54.92,0.927,OK
M-104,2026-09-07T14:00:00Z,10.787,220.4,53.06,0.923,OK
M-104,2026-09-07T15:00:00Z,10.762,219.8,53.41,0.917,OK
M-104,2026-09-07T16:00:00Z,11.306,220.8,55.73,0.919,OK
M-104,2026-09-07T17:00:00Z,10.899,220.6,53.74,0.919,OK
M-104,2026-09-07T18:00:00Z,5.403,219.6,26.9,0.915,OK
M-104,2026-09-07T19:00:00Z,5.531,219.5,27.3,0.923,OK
M-104,2026-09-07T20:00:00Z,5.39,219.9,26.65,0.92,OK
M-104,2026-09-07T21:00:00Z,5.396,220.8,26.42,0.925,OK
M-104,2026-09-07T22:00:00Z,4.243,219.8,20.88,0.924,OK
M-104,2026-09-07T23:00:00Z,4.013,219,19.88,0.922,OK
M-104,2026-09-08T00:00:00Z,4.046,220.8,19.92,0.92,OK
M-104,2026-09-08T01:00:00Z,4.15,220.1,20.64,0.913,OK
M-104,2026-09-08T02:00:00Z,4.207,218.8,20.91,0.92,OK
M-104,2026-09-08T03:00:00Z,4.157,220.1,20.54,0.92,OK
M-104,2026-09-08T04:00:00Z,4.065,219.6,20.04,0.923,OK
M-104,2026-09-08T05:00:00Z,4.167,219.6,20.54,0.924,OK
M-104,2026-09-08T06:00:00Z,8.568,220.1,42.09,0.925,OK
M-104,2026-09-08T07:00:00Z,11.007,219,54.67,0.919,OK
M-104,2026-09-08T08:00:00Z,16.513,219.8,81.13,0.926,OK
M-104,2026-09-08T09:00:00Z,16.483,219.8,81.19,0.924,OK
M-104,2026-09-08T10:00:00Z,16.556,221.6,81.34,0.918,OK
M-104,2026-09-08T11:00:00Z,16.639,220,82.18,0.921,OK
M-104,2026-09-08T12:00:00Z,16.189,218.9,80.54,0.918,OK
M-104,2026-09-08T13:00:00Z,16.924,220.4,83.49,0.92,OK
M-104,2026-09-08T14:00:00Z,16.966,219.6,84.03,0.92,OK
M-104,2026-09-08T15:00:00Z,16.286,219.5,81.44,0.911,OK
M-104,2026-09-08T16:00:00Z,16.185,219.3,80.08,0.922,OK
M-104,2026-09-08T17:00:00Z,16.746,219,82.35,0.928,OK
M-104,2026-09-08T18:00:00Z,7.896,219.1,38.88,0.927,OK
M-104,2026-09-08T19:00:00Z,7.853,218.8,38.62,0.929,OK
M-104,2026-09-08T20:00:00Z,7.884,220.2,38.7,0.925,OK
M-104,2026-09-08T21:00:00Z,7.68,219.5,38.11,0.918,OK
M-104,2026-09-08T22:00:00Z,6.181,220.2,30.45,0.922,OK
M-104,2026-09-08T23:00:00Z,6.186,220.1,30.68,0.916,OK
M-104,2026-09-09T00:00:00Z,6.295,221.5,30.9,0.92,OK
M-104,2026-09-09T01:00:00Z,6.105,220.9,30.08,0.919,OK
M-104,2026-09-09T02:00:00Z,5.959,221,29.22,0.923,OK
M-104,2026-09-09T03:00:00Z,6.14,220.1,30.29,0.921,OK
M-104,2026-09-09T04:00:00Z,5.906,220.4,29.13,0.92,OK
M-104,2026-09-09T05:00:00Z,6.077,219.6,29.9,0.926,OK
M-104,2026-09-09T06:00:00Z,8.585,220,42.49,0.918,OK
M-104,2026-09-09T07:00:00Z,11.139,220.1,54.93,0.921,OK
M-104,2026-09-09T08:00:00Z,16.754,220.9,82.35,0.921,OK
M-104,2026-09-09T09:00:00Z,16.572,220.9,80.48,0.932,OK
M-104,2026-09-09T10:00:00Z,16.319,220.8,80.14,0.922,OK
M-104,2026-09-09T11:00:00Z,16.33,220.1,80.56,0.921,OK
M-104,2026-09-09T12:00:00Z,16.951,220.2,83.07,0.927,OK
M-104,2026-09-09T13:00:00Z,16.463,220.9,80.58,0.925,OK
M-104,2026-09-09T14:00:00Z,16.055,220.8,78.47,0.926,OK
M-104,2026-09-09T15:00:00Z,16.524,219.7,81.89,0.919,OK
M-104,2026-09-09T16:00:00Z,15.911,219.2,78.99,0.919,OK
M-104,2026-09-09T17:00:00Z,16.216,219.6,80.29,0.92,OK
M-104,2026-09-09T18:00:00Z,8.035,219.6,39.65,0.923,OK
M-104,2026-09-09T19:00:00Z,8.069,219.8,39.71,0.925,OK
M-104,2026-09-09T20:00:00Z,8.09,218.1,40.42,0.918,OK
M-104,2026-09-09T21:00:00Z,8.446,220.5,41.47,0.924,OK
M-104,2026-09-09T22:00:00Z,6.154,221.3,30.21,0.92,OK
M-104,2026-09-09T23:00:00Z,6.015,219.4,30.05,0.912,OK
M-104,2026-09-10T00:00:00Z,6.146,219.9,30.25,0.924,OK
M-104,2026-09-10T01:00:00Z,6.135,220.5,30.29,0.918,OK
M-104,2026-09-10T02:00:00Z,6.05,220.5,29.73,0.923,OK
M-104,2026-09-10T03:00:00Z,5.908,220.2,29.46,0.911,OK
M-104,2026-09-10T04:00:00Z,6.144,219.9,30.34,0.921,OK
M-104,2026-09-10T05:00:00Z,6.087,218.7,30.35,0.917,OK
M-104,2026-09-10T06:00:00Z,9.024,219.7,44.57,0.922,OK
M-104,2026-09-10T07:00:00Z,11.011,221.1,54.1,0.921,OK
M-104,2026-09-10T08:00:00Z,16.355,221.5,79.46,0.929,OK
M-104,2026-09-10T09:00:00Z,16.8,219.1,83.11,0.923,OK
M-104,2026-09-10T10:00:00Z,16.309,218.9,81.42,0.915,OK
M-104,2026-09-10T11:00:00Z,16.402,219.5,81.37,0.918,OK
M-104,2026-09-10T12:00:00Z,16.249,219.8,80.53,0.918,OK
M-104,2026-09-10T13:00:00Z,16.545,221.3,81.13,0.922,OK
M-104,2026-09-10T14:00:00Z,17.325,219.7,85.82,0.919,OK
M-104,2026-09-10T15:00:00Z,16.569,219.1,82.44,0.917,OK
M-104,2026-09-10T16:00:00Z,16.563,218.6,82.24,0.921,OK
M-104,2026-09-10T17:00:00Z,16.407,219.4,81.56,0.917,OK
M-104,2026-09-10T18:00:00Z,7.878,218.8,39.01,0.923,OK
M-104,2026-09-10T19:00:00Z,8.007,219.1,39.67,0.921,OK
M-104,2026-09-10T20:00:00Z,8.165,219.6,40.45,0.919,OK
M-104,2026-09-10T21:00:00Z,8.049,220.2,39.91,0.916,OK
M-104,2026-09-10T22:00:00Z,6.138,218.9,30.7,0.913,OK
M-104,2026-09-10T23:00:00Z,5.93,220.9,29.21,0.919,OK
M-104,2026-09-11T00:00:00Z,6.088,221.2,29.88,0.921,OK
M-104,2026-09-11T01:00:00Z,6.09,221.1,29.77,0.925,OK
M-104,2026-09-11T02:00:00Z,6.019,219.7,29.67,0.924,OK
M-104,2026-09-11T03:00:00Z,6.237,220.2,31.07,0.912,OK
M-104,2026-09-11T04:00:00Z,5.937,220.4,29.29,0.92,OK
M-104,2026-09-11T05:00:00Z,5.837,220.6,28.82,0.918,OK
M-104,2026-09-11T06:00:00Z,8.717,219.8,43.13,0.919,OK
M-104,2026-09-11T07:00:00Z,11.169,219.8,55.36,0.918,OK
M-104,2026-09-11T08:00:00Z,16.081,219.4,79.77,0.919,OK
M-104,2026-09-11T09:00:00Z,15.895,219.6,78.81,0.919,OK
M-104,2026-09-11T10:00:00Z,16.64,219.5,82.37,0.92,OK
M-104,2026-09-11T11:00:00Z,16.242,219.3,80.3,0.922,OK
M-104,2026-09-11T12:00:00Z,16.571,220.1,81.63,0.922,OK
M-104,2026-09-11T13:00:00Z,16.648,220.5,81.98,0.921,OK
M-104,2026-09-11T14:00:00Z,16.533,220.3,81.85,0.917,OK
M-104,2026-09-11T15:00:00Z,15.975,219.3,78.98,0.922,OK
M-104,2026-09-11T16:00:00Z,16.209,219.8,80.33,0.918,OK
M-104,2026-09-11T17:00:00Z,16.442,219.9,81.17,0.921,OK
M-104,2026-09-11T18:00:00Z,7.985,218.6,39.83,0.917,OK
M-104,2026-09-11T19:00:00Z,8.019,220.1,39.74,0.917,OK
M-104,2026-09-11T20:00:00Z,8.097,219.4,40.18,0.918,OK
M-104,2026-09-11T21:00:00Z,7.943,218.5,39.34,0.924,OK
M-104,2026-09-11T22:00:00Z,6.027,219.4,29.74,0.924,OK
M-104,2026-09-11T23:00:00Z,6.186,219.7,30.66,0.918,OK
M-104,2026-09-12T00:00:00Z,6.08,220.4,30,0.92,OK
M-104,2026-09-12T01:00:00Z,6.126,220.3,30.02,0.926,OK
M-104,2026-09-12T02:00:00Z,5.874,219.8,28.85,0.926,OK
M-104,2026-09-12T03:00:00Z,6.198,220.1,30.59,0.921,OK
M-104,2026-09-12T04:00:00Z,6.142,219.9,30.37,0.92,OK
M-104,2026-09-12T05:00:00Z,6.092,219.7,30.44,0.911,OK
M-104,2026-09-12T06:00:00Z,8.783,220.5,43.36,0.919,OK
M-104,2026-09-12T07:00:00Z,11.344,220.1,55.99,0.92,OK
M-104,2026-09-12T08:00:00Z,16.618,220.4,81.54,0.925,OK
M-104,2026-09-12T09:00:00Z,17.03,219.5,83.89,0.925,OK
M-104,2026-09-12T10:00:00Z,16.263,220.1,80.27,0.92,OK
M-104,2026-09-12T11:00:00Z,16.149,221.2,79.48,0.919,OK
M-104,2026-09-12T12:00:00Z,16.111,221.4,78.76,0.924,OK
M-104,2026-09-12T13:00:00Z,16.557,218.6,82.3,0.92,OK
M-104,2026-09-12T14:00:00Z,16.627,219.9,82.04,0.922,OK
M-104,2026-09-12T15:00:00Z,16.602,219.3,82.24,0.921,OK
M-104,2026-09-12T16:00:00Z,16.293,220.1,79.71,0.929,OK
M-104,2026-09-12T17:00:00Z,16.299,219.4,81.17,0.915,OK
M-104,2026-09-12T18:00:00Z,7.813,219.7,38.8,0.917,OK
M-104,2026-09-12T19:00:00Z,8.209,220.4,40.31,0.924,OK
M-104,2026-09-12T20:00:00Z,8.165,220,40.33,0.92,OK
M-104,2026-09-12T21:00:00Z,7.918,218.2,39.42,0.92,OK
M-104,2026-09-12T22:00:00Z,6.37,219.3,31.84,0.912,OK
M-104,2026-09-12T23:00:00Z,6.069,220,29.77,0.926,OK
M-104,2026-09-13T00:00:00Z,6.127,219.9,30.32,0.919,OK
M-104,2026-09-13T01:00:00Z,5.99,220.4,29.68,0.916,OK
M-104,2026-09-13T02:00:00Z,6.067,221,29.9,0.918,OK
M-104,2026-09-13T03:00:00Z,6.1,220.1,30.29,0.915,OK
M-104,2026-09-13T04:00:00Z,6.131,219.4,30.37,0.92,OK
M-104,2026-09-13T05:00:00Z,6.239,219.4,30.96,0.919,OK
M-104,2026-09-13T06:00:00Z,8.833,220.2,43.59,0.92,OK
M-104,2026-09-13T07:00:00Z,10.901,220.3,53.78,0.92,OK
M-104,2026-09-13T08:00:00Z,16.728,220.2,83.11,0.914,OK
M-104,2026-09-13T09:00:00Z,16.777,218.9,83.6,0.917,OK
M-104,2026-09-13T10:00:00Z,16.211,219.2,80.6,0.918,OK
M-104,2026-09-13T11:00:00Z,16.754,219.7,82.8,0.921,OK
M-104,2026-09-13T12:00:00Z,16.88,220.4,83.46,0.918,OK
M-104,2026-09-13T13:00:00Z,16.513,221.1,81.58,0.915,OK
M-104,2026-09-13T14:00:00Z,17.482,220.9,85.93,0.921,OK
M-104,2026-09-13T15:00:00Z,16.841,220.6,82.94,0.921,OK
M-104,2026-09-13T16:00:00Z,16.563,220.6,81.42,0.922,OK
M-104,2026-09-13T17:00:00Z,16.54,220.3,81.48,0.922,OK
M-104,2026-09-13T18:00:00Z,8.339,218.7,41.33,0.922,OK
M-104,2026-09-13T19:00:00Z,8.076,220.5,39.55,0.926,OK
M-104,2026-09-13T20:00:00Z,7.794,219.5,38.44,0.924,OK
M-104,2026-09-13T21:00:00Z,7.89,220.4,38.92,0.92,OK
M-104,2026-09-13T22:00:00Z,6.076,220.1,30.11,0.917,OK
M-104,2026-09-13T23:00:00Z,6.221,219.3,31.15,0.911,OK
M-104,2026-09-14T00:00:00Z,6.156,221.1,30.43,0.915,OK
M-104,2026-09-14T01:00:00Z,6.245,219.9,30.66,0.926,OK
M-104,2026-09-14T02:00:00Z,5.927,220.1,29.27,0.92,OK
M-104,2026-09-14T03:00:00Z,6.284,220.5,31.13,0.916,OK
M-104,2026-09-14T04:00:00Z,6.02,220.2,29.85,0.916,OK
M-104,2026-09-14T05:00:00Z,6.083,220.1,29.95,0.923,OK
M-104,2026-09-14T06:00:00Z,8.767,220.1,43.33,0.919,OK
M-104,2026-09-14T07:00:00Z,11.484,221.1,56.58,0.918,OK
M-104,2026-09-14T08:00:00Z,15.89,220.3,78.39,0.92,OK
M-104,2026-09-14T09:00:00Z,16.791,221.1,82.23,0.923,OK
M-104,2026-09-14T10:00:00Z,16.652,218.9,83.09,0.916,OK
M-104,2026-09-14T11:00:00Z,16.456,220.3,81.22,0.92,OK
M-104,2026-09-14T12:00:00Z,16.516,220.6,81.3,0.921,OK
M-104,2026-09-14T13:00:00Z,16.174,219.3,80.04,0.921,OK
M-104,2026-09-14T14:00:00Z,16.8,221.3,82.81,0.917,OK
M-104,2026-09-14T15:00:00Z,16.331,220,81.03,0.916,OK
M-104,2026-09-14T16:00:00Z,16.864,218.7,83.72,0.921,OK
M-104,2026-09-14T17:00:00Z,16.655,219.2,82.61,0.92,OK
M-104,2026-09-14T18:00:00Z,8.093,220.9,39.82,0.92,OK
M-104,2026-09-14T19:00:00Z,7.823,220.2,38.46,0.924,OK
M-104,2026-09-14T20:00:00Z,7.877,219.5,39.33,0.913,OK
M-104,2026-09-14T21:00:00Z,8.109,219.6,40.47,0.912,OK
M-104,2026-09-14T22:00:00Z,6.039,219.7,29.8,0.923,OK
M-104,2026-09-14T23:00:00Z,5.95,219.9,29.22,0.926,OK
M-105,2026-09-01T00:00:00Z,4.808,219.3,24.37,0.9,OK
M-105,2026-09-01T01:00:00Z,4.644,220.4,23.75,0.888,OK
M-105,2026-09-01T02:00:00Z,4.799,220.3,24.55,0.887,OK
M-105,2026-09-01T03:00:00Z,4.904,220.1,25.16,0.886,OK
M-105,2026-09-01T04:00:00Z,4.689,220.1,23.88,0.892,OK
M-105,2026-09-01T05:00:00Z,4.848,220.2,24.74,0.89,OK
M-105,2026-09-01T06:00:00Z,6.909,220.7,35.14,0.891,OK
M-105,2026-09-01T07:00:00Z,8.73,218.8,45.03,0.886,OK
M-105,2026-09-01T08:00:00Z,12.589,219,64.79,0.887,OK
M-105,2026-09-01T09:00:00Z,13.241,221.5,67.39,0.887,OK
M-105,2026-09-01T10:00:00Z,12.995,220,66.51,0.888,OK
M-105,2026-09-01T11:00:00Z,13.279,219.9,67.41,0.896,OK
M-105,2026-09-01T12:00:00Z,12.999,220.5,66.39,0.888,OK
M-105,2026-09-01T13:00:00Z,12.958,220.9,66.05,0.888,OK
M-105,2026-09-01T14:00:00Z,13.019,218.8,66.49,0.895,OK
M-105,2026-09-01T15:00:00Z,13.01,218.3,67.07,0.889,OK
M-105,2026-09-01T16:00:00Z,12.849,220.1,65.36,0.893,OK
M-105,2026-09-01T17:00:00Z,13.013,219,67.04,0.886,OK
M-105,2026-09-01T18:00:00Z,6.228,218.6,32.11,0.887,OK
M-105,2026-09-01T19:00:00Z,6.316,219.5,32.48,0.886,OK
M-105,2026-09-01T20:00:00Z,6.382,219.6,32.66,0.889,OK
M-105,2026-09-01T21:00:00Z,6.449,219.4,33.17,0.886,OK
M-105,2026-09-01T22:00:00Z,4.994,222.1,25.28,0.89,OK
M-105,2026-09-01T23:00:00Z,4.737,218.3,24.4,0.889,OK
M-105,2026-09-02T00:00:00Z,4.938,219.6,25.14,0.894,OK
M-105,2026-09-02T01:00:00Z,4.718,220.5,23.99,0.892,OK
M-105,2026-09-02T02:00:00Z,4.628,219.7,23.67,0.89,OK
M-105,2026-09-02T03:00:00Z,4.867,219.7,24.84,0.892,OK
M-105,2026-09-02T04:00:00Z,4.946,220,25.18,0.893,OK
M-105,2026-09-02T05:00:00Z,4.704,219.6,24.26,0.883,OK
M-105,2026-09-02T06:00:00Z,6.816,221.5,34.52,0.891,OK
M-105,2026-09-02T07:00:00Z,9.035,220.1,46.39,0.885,OK
M-105,2026-09-02T08:00:00Z,13.287,220.8,68.01,0.885,OK
M-105,2026-09-02T09:00:00Z,13.421,219,68.57,0.894,OK
M-105,2026-09-02T10:00:00Z,13.347,220.1,68.01,0.892,OK
M-105,2026-09-02T11:00:00Z,13.025,219.5,66.77,0.889,OK
M-105,2026-09-02T12:00:00Z,13.485,219.9,68.88,0.891,OK
M-105,2026-09-02T13:00:00Z,12.945,220,66.41,0.886,OK
M-105,2026-09-02T14:00:00Z,13.398,219.8,68.27,0.893,OK
M-105,2026-09-02T15:00:00Z,13.186,219.3,67.35,0.893,OK
M-105,2026-09-02T16:00:00Z,13.029,219,66.24,0.898,OK
M-105,2026-09-02T17:00:00Z,13.446,219.5,68.41,0.896,OK
M-105,2026-09-02T18:00:00Z,6.09,219,31.15,0.893,OK
M-105,2026-09-02T19:00:00Z,6.195,221.6,31.39,0.891,OK
M-105,2026-09-02T20:00:00Z,6.279,220.4,32.13,0.887,OK
M-105,2026-09-02T21:00:00Z,6.646,220.1,33.83,0.892,OK
M-105,2026-09-02T22:00:00Z,4.845,221.1,24.72,0.887,OK
M-105,2026-09-02T23:00:00Z,4.695,220.1,24.23,0.88,OK
M-105,2026-09-03T00:00:00Z,4.894,220.8,24.93,0.889,OK
M-105,2026-09-03T01:00:00Z,4.682,219.8,24.02,0.887,OK
M-105,2026-09-03T02:00:00Z,4.847,221.1,24.83,0.883,OK
M-105,2026-09-03T03:00:00Z,4.986,218.4,25.78,0.886,OK
M-105,2026-09-03T04:00:00Z,4.849,220.9,24.76,0.887,OK
M-105,2026-09-03T05:00:00Z,4.693,219.1,24.01,0.892,OK
M-105,2026-09-03T06:00:00Z,6.888,219.5,35.25,0.89,OK
M-105,2026-09-03T07:00:00Z,8.987,220,45.43,0.899,OK
M-105,2026-09-03T08:00:00Z,12.46,220.4,63.39,0.892,OK
M-105,2026-09-03T09:00:00Z,12.988,220.5,65.82,0.895,OK
M-105,2026-09-03T10:00:00Z,12.971,219.7,65.88,0.896,OK
M-105,2026-09-03T11:00:00Z,13.156,221.1,67.22,0.885,OK
M-105,2026-09-03T12:00:00Z,13.309,220.3,68.81,0.878,OK
M-105,2026-09-03T13:00:00Z,12.848,221,65.24,0.891,OK
M-105,2026-09-03T14:00:00Z,13.246,220.5,67.44,0.891,OK
M-105,2026-09-03T15:00:00Z,13.267,220.3,67.63,0.89,OK
M-105,2026-09-03T16:00:00Z,12.811,221.4,65.11,0.889,OK
M-105,2026-09-03T17:00:00Z,12.74,221.4,64.45,0.893,OK
M-105,2026-09-03T18:00:00Z,6.335,219.8,32.19,0.895,OK
M-105,2026-09-03T19:00:00Z,6.294,218.9,32.24,0.892,OK
M-105,2026-09-03T20:00:00Z,6.442,220.4,32.98,0.886,OK
M-105,2026-09-03T21:00:00Z,6.146,221.2,31.31,0.887,OK
M-105,2026-09-03T22:00:00Z,4.851,220.3,24.74,0.89,OK
M-105,2026-09-03T23:00:00Z,4.595,221.3,23.35,0.889,OK
M-105,2026-09-04T00:00:00Z,4.726,219.5,24.04,0.896,OK
M-105,2026-09-04T01:00:00Z,4.8,219.4,24.46,0.895,OK
M-105,2026-09-04T02:00:00Z,4.689,221.6,23.65,0.895,OK
M-105,2026-09-04T03:00:00Z,5.02,221.7,25.34,0.893,OK
M-105,2026-09-04T04:00:00Z,4.864,220.5,24.86,0.887,OK
M-105,2026-09-04T05:00:00Z,4.757,220.1,24.29,0.89,OK
M-105,2026-09-04T06:00:00Z,6.922,219.8,35.32,0.892,OK
M-105,2026-09-04T07:00:00Z,9.188,220.3,46.9,0.889,OK
M-105,2026-09-04T08:00:00Z,13.025,218.8,66.85,0.891,OK
M-105,2026-09-04T09:00:00Z,13.184,220.2,67.44,0.888,OK
M-105,2026-09-04T10:00:00Z,12.662,219.4,64.37,0.896,OK
M-105,2026-09-04T11:00:00Z,13.029,220.6,66.39,0.89,OK
M-105,2026-09-04T12:00:00Z,13.57,220.4,68.77,0.895,OK
M-105,2026-09-04T13:00:00Z,13.018,219.9,66.52,0.89,OK
M-105,2026-09-04T14:00:00Z,12.445,220.7,63.3,0.891,OK
M-105,2026-09-04T15:00:00Z,12.511,219.3,63.68,0.896,OK
M-105,2026-09-04T16:00:00Z,13.276,219.2,67.71,0.894,OK
M-105,2026-09-04T17:00:00Z,13.35,220.5,68.1,0.889,OK
M-105,2026-09-04T18:00:00Z,6.189,220.1,31.48,0.893,OK
M-105,2026-09-04T19:00:00Z,6.335,219.2,32.53,0.888,OK
M-105,2026-09-04T20:00:00Z,6.264,219.6,32.14,0.887,OK
M-105,2026-09-04T21:00:00Z,6.2,219.8,31.4,0.898,OK
M-105,2026-09-04T22:00:00Z,4.804,220.7,24.51,0.888,OK
M-105,2026-09-04T23:00:00Z,4.868,221,24.68,0.893,OK
M-105,2026-09-05T00:00:00Z,4.837,221.3,24.63,0.888,OK
M-105,2026-09-05T01:00:00Z,4.659,219.9,24.11,0.879,OK
M-105,2026-09-05T02:00:00Z,4.776,220.1,24.23,0.896,OK
M-105,2026-09-05T03:00:00Z,4.801,219.8,24.63,0.887,OK
M-105,2026-09-05T04:00:00Z,4.76,219.8,24.37,0.889,OK
M-105,2026-09-05T05:00:00Z,5.004,220.2,25.52,0.891,OK
M-105,2026-09-05T06:00:00Z,7.056,218.5,36.29,0.89,OK
M-105,2026-09-05T07:00:00Z,9.167,219.7,46.62,0.895,OK
M-105,2026-09-05T08:00:00Z,12.849,220.7,65.75,0.886,OK
M-105,2026-09-05T09:00:00Z,12.647,220.4,65.05,0.882,OK
M-105,2026-09-05T10:00:00Z,12.702,219.5,65.17,0.888,OK
M-105,2026-09-05T11:00:00Z,12.679,219,64.72,0.894,OK
M-105,2026-09-05T12:00:00Z,13.392,218.9,68.9,0.888,OK
M-105,2026-09-05T13:00:00Z,13.088,218.4,67.22,0.891,OK
M-105,2026-09-05T14:00:00Z,13.156,220.8,67.45,0.883,OK
M-105,2026-09-05T15:00:00Z,12.724,219.9,64.4,0.899,OK
M-105,2026-09-05T16:00:00Z,13.045,220.6,66.74,0.886,OK
M-105,2026-09-05T17:00:00Z,13.038,218.5,66.94,0.892,OK
M-105,2026-09-05T18:00:00Z,6.384,220.2,32.44,0.894,OK
M-105,2026-09-05T19:00:00Z,6.426,221.6,32.51,0.892,OK
M-105,2026-09-05T20:00:00Z,6.323,221,32.11,0.891,OK
M-105,2026-09-05T21:00:00Z,6.53,219,33.41,0.892,OK
M-105,2026-09-05T22:00:00Z,4.888,220.9,25.02,0.884,OK
M-105,2026-09-05T23:00:00Z,4.803,220,24.52,0.891,OK
M-105,2026-09-06T00:00:00Z,4.757,221.8,23.88,0.898,OK
M-105,2026-09-06T01:00:00Z,4.673,219.8,23.82,0.893,OK
M-105,2026-09-06T02:00:00Z,4.624,218.5,23.76,0.891,OK
M-105,2026-09-06T03:00:00Z,4.794,219.9,24.56,0.888,OK
M-105,2026-09-06T04:00:00Z,4.837,220,24.72,0.889,OK
M-105,2026-09-06T05:00:00Z,4.933,220.4,25.17,0.889,OK
M-105,2026-09-06T06:00:00Z,6.693,218.9,34.44,0.888,OK
M-105,2026-09-06T07:00:00Z,8.735,220.2,44.54,0.891,OK
M-105,2026-09-06T08:00:00Z,12.867,219.6,66.28,0.884,OK
M-105,2026-09-06T09:00:00Z,12.889,220.5,65.36,0.894,OK
M-105,2026-09-06T10:00:00Z,12.563,219.3,64.02,0.895,OK
M-105,2026-09-06T11:00:00Z,12.96,219.2,66.07,0.895,OK
M-105,2026-09-06T12:00:00Z,13.26,220,67.53,0.893,OK
M-105,2026-09-06T13:00:00Z,13.109,220.4,66.42,0.896,OK
M-105,2026-09-06T14:00:00Z,12.789,219.1,65.26,0.894,OK
M-105,2026-09-06T15:00:00Z,13.316,221.1,67.77,0.889,OK
M-105,2026-09-06T16:00:00Z,12.853,220,65.72,0.889,OK
M-105,2026-09-06T17:00:00Z,12.835,220.1,65.39,0.892,OK
M-105,2026-09-06T18:00:00Z,6.243,220.6,32.05,0.883,OK
M-105,2026-09-06T19:00:00Z,6.201,220.6,31.59,0.89,OK
M-105,2026-09-06T20:00:00Z,6.207,220.1,31.71,0.889,OK
M-105,2026-09-06T21:00:00Z,6.287,219.7,32.06,0.893,OK
M-105,2026-09-06T22:00:00Z,4.678,219.6,23.89,0.891,OK
M-105,2026-09-06T23:00:00Z,4.931,220,25.12,0.892,OK
M-105,2026-09-07T00:00:00Z,4.766,220.7,24.32,0.888,OK
M-105,2026-09-07T01:00:00Z,4.785,218.5,24.63,0.889,OK
M-105,2026-09-07T02:00:00Z,4.99,221.8,25.18,0.893,OK
M-105,2026-09-07T03:00:00Z,4.732,221.1,24,0.892,OK
M-105,2026-09-07T04:00:00Z,4.941,220.7,25.14,0.89,OK
M-105,2026-09-07T05:00:00Z,4.542,220.7,23.2,0.887,OK
M-105,2026-09-07T06:00:00Z,6.859,222.1,35.15,0.879,OK
M-105,2026-09-07T07:00:00Z,8.874,220.6,45.11,0.892,OK
M-105,2026-09-07T08:00:00Z,13.09,221,66.39,0.892,OK
M-105,2026-09-07T09:00:00Z,13.073,220,66.59,0.892,OK
M-105,2026-09-07T10:00:00Z,13.009,219.1,66.95,0.887,OK
M-105,2026-09-07T11:00:00Z,12.987,219.5,66.22,0.894,OK
M-105,2026-09-07T12:00:00Z,12.503,219.5,63.83,0.892,OK
M-105,2026-09-07T13:00:00Z,13.141,220.2,67.21,0.888,OK
M-105,2026-09-07T14:00:00Z,13.152,220,67.02,0.892,OK
M-105,2026-09-07T15:00:00Z,13.351,219.3,68.36,0.89,OK
M-105,2026-09-07T16:00:00Z,13.442,220.1,68.62,0.89,OK
M-105,2026-09-07T17:00:00Z,13.482,219.9,68.95,0.889,OK
M-105,2026-09-07T18:00:00Z,6.219,220.4,31.52,0.895,OK
M-105,2026-09-07T19:00:00Z,6.245,221.1,31.72,0.89,OK
M-105,2026-09-07T20:00:00Z,6.449,220.3,33.2,0.882,OK
M-105,2026-09-07T21:00:00Z,6.361,220,32.41,0.892,OK
M-105,2026-09-07T22:00:00Z,4.932,220.4,25.17,0.889,OK
M-105,2026-09-07T23:00:00Z,4.864,219.2,25.13,0.883,OK
M-105,2026-09-08T00:00:00Z,5.134,220.6,26.27,0.886,OK
M-105,2026-09-08T01:00:00Z,5.194,221.5,26.2,0.895,OK
M-105,2026-09-08T02:00:00Z,4.949,219.3,25.31,0.891,OK
M-105,2026-09-08T03:00:00Z,5.14,220.5,26.33,0.885,OK
M-105,2026-09-08T04:00:00Z,4.883,220.7,24.83,0.891,OK
M-105,2026-09-08T05:00:00Z,5.037,219.9,25.52,0.897,OK
M-105,2026-09-08T06:00:00Z,7.331,218.8,37.53,0.893,OK
M-105,2026-09-08T07:00:00Z,9.24,219.8,47.18,0.891,OK
M-105,2026-09-08T08:00:00Z,13.713,219.2,70.31,0.89,OK
M-105,2026-09-08T09:00:00Z,13.732,220.8,69.65,0.893,OK
M-105,2026-09-08T10:00:00Z,13.698,220.2,69.68,0.893,OK
M-105,2026-09-08T11:00:00Z,13.422,220.5,68.3,0.891,OK
M-105,2026-09-08T12:00:00Z,13.491,220,68.88,0.89,OK
M-105,2026-09-08T13:00:00Z,13.688,221.6,69.52,0.889,OK
M-105,2026-09-08T14:00:00Z,12.979,217.9,66.55,0.895,OK
M-105,2026-09-08T15:00:00Z,13.829,220.6,69.94,0.896,OK
M-105,2026-09-08T16:00:00Z,13.801,220.9,70.25,0.889,OK
M-105,2026-09-08T17:00:00Z,13.388,218.9,68.85,0.888,OK
M-105,2026-09-08T18:00:00Z,6.614,220.5,33.39,0.898,OK
M-105,2026-09-08T19:00:00Z,6.689,220.3,34.16,0.889,OK
M-105,2026-09-08T20:00:00Z,6.729,219.2,34.42,0.892,OK
M-105,2026-09-08T21:00:00Z,6.542,220.4,33.65,0.882,OK
M-105,2026-09-08T22:00:00Z,5.275,220.2,26.7,0.897,OK
M-105,2026-09-08T23:00:00Z,4.902,219.7,25.03,0.891,OK
M-105,2026-09-09T00:00:00Z,4.985,221.1,25.24,0.893,OK
M-105,2026-09-09T01:00:00Z,5.189,219.9,26.44,0.892,OK
M-105,2026-09-09T02:00:00Z,4.792,218.7,24.63,0.89,OK
M-105,2026-09-09T03:00:00Z,5.15,219.3,26.4,0.89,OK
M-105,2026-09-09T04:00:00Z,4.929,220.3,25.13,0.89,OK
M-105,2026-09-09T05:00:00Z,5.095,220,25.91,0.894,OK
M-105,2026-09-09T06:00:00Z,7.269,220.9,37,0.889,OK
M-105,2026-09-09T07:00:00Z,9.547,219.4,49.1,0.886,OK
M-105,2026-09-09T08:00:00Z,13.79,219.6,70.42,0.892,OK
M-105,2026-09-09T09:00:00Z,13.633,219.7,69.55,0.892,OK
M-105,2026-09-09T10:00:00Z,13.568,219.3,70.36,0.879,OK
M-105,2026-09-09T11:00:00Z,13.661,219.9,69.78,0.89,OK
M-105,2026-09-09T12:00:00Z,13.576,219.5,70.08,0.882,OK
M-105,2026-09-09T13:00:00Z,13.807,220,70.33,0.892,OK
M-105,2026-09-09T14:00:00Z,12.975,220.6,66.17,0.889,OK
M-105,2026-09-09T15:00:00Z,13.513,220.4,69.05,0.888,OK
M-105,2026-09-09T16:00:00Z,13.896,220.4,71.07,0.887,OK
M-105,2026-09-09T17:00:00Z,13.501,221.9,67.95,0.896,OK
M-105,2026-09-09T18:00:00Z,6.61,221,33.61,0.89,OK
M-105,2026-09-09T19:00:00Z,6.464,221.1,32.52,0.899,OK
M-105,2026-09-09T20:00:00Z,6.554,219.6,33.71,0.885,OK
M-105,2026-09-09T21:00:00Z,6.644,218.9,34.34,0.884,OK
M-105,2026-09-09T22:00:00Z,5.145,219.7,26.31,0.89,OK
M-105,2026-09-09T23:00:00Z,4.957,221,25.07,0.895,OK
M-105,2026-09-10T00:00:00Z,4.968,220,25.47,0.887,OK
M-105,2026-09-10T01:00:00Z,4.973,218.5,25.68,0.886,OK
M-105,2026-09-10T02:00:00Z,5.108,219.3,26.03,0.895,OK
M-105,2026-09-10T03:00:00Z,4.855,219.6,24.72,0.894,OK
M-105,2026-09-10T04:00:00Z,5.111,219.9,26.27,0.885,OK
M-105,2026-09-10T05:00:00Z,5.14,219.3,26.03,0.9,OK
M-105,2026-09-10T06:00:00Z,7.048,219.8,36.09,0.888,OK
M-105,2026-09-10T07:00:00Z,9.13,219.8,46.29,0.897,OK
M-105,2026-09-10T08:00:00Z,13.797,220.6,69.95,0.894,OK
M-105,2026-09-10T09:00:00Z,13.366,220.9,67.65,0.894,OK
M-105,2026-09-10T10:00:00Z,13.708,219.6,69.93,0.893,OK
M-105,2026-09-10T11:00:00Z,13.535,220.4,69.11,0.889,OK
M-105,2026-09-10T12:00:00Z,13.335,220.2,68.4,0.885,OK
M-105,2026-09-10T13:00:00Z,13.659,220.2,69.48,0.893,OK
M-105,2026-09-10T14:00:00Z,13.537,219.6,69.37,0.889,OK
M-105,2026-09-10T15:00:00Z,13.516,220.8,68.21,0.897,OK
M-105,2026-09-10T16:00:00Z,13.737,220.8,69.57,0.894,OK
M-105,2026-09-10T17:00:00Z,13.983,220,71.51,0.889,OK
M-105,2026-09-10T18:00:00Z,6.426,219.8,32.96,0.887,OK
M-105,2026-09-10T19:00:00Z,6.612,218.1,33.94,0.893,OK
M-105,2026-09-10T20:00:00Z,6.308,220.4,32.17,0.89,OK
M-105,2026-09-10T21:00:00Z,6.763,219.5,34.7,0.888,OK
M-105,2026-09-10T22:00:00Z,4.92,221.1,25.04,0.888,OK
M-105,2026-09-10T23:00:00Z,4.967,220.8,25.11,0.896,OK
M-105,2026-09-11T00:00:00Z,5.027,218.7,25.85,0.889,OK
M-105,2026-09-11T01:00:00Z,4.89,221.4,24.87,0.888,OK
M-105,2026-09-11T02:00:00Z,4.988,219.1,25.51,0.892,OK
M-105,2026-09-11T03:00:00Z,4.943,220.3,25.3,0.887,OK
M-105,2026-09-11T04:00:00Z,4.731,220.6,24.07,0.891,OK
M-105,2026-09-11T05:00:00Z,4.917,218.8,25.43,0.884,OK
M-105,2026-09-11T06:00:00Z,7.034,220.1,36.05,0.886,OK
M-105,2026-09-11T07:00:00Z,9.457,221.3,47.72,0.895,OK
M-105,2026-09-11T08:00:00Z,14.09,220,72.05,0.889,OK
M-105,2026-09-11T09:00:00Z,13.64,219.4,70.09,0.887,OK
M-105,2026-09-11T10:00:00Z,13.538,220.3,68.46,0.898,OK
M-105,2026-09-11T11:00:00Z,13.684,219.3,69.12,0.903,OK
M-105,2026-09-11T12:00:00Z,13.242,219.1,68.04,0.888,OK
M-105,2026-09-11T13:00:00Z,13.903,219.7,70.66,0.895,OK
M-105,2026-09-11T14:00:00Z,13.544,219.3,68.95,0.896,OK
M-105,2026-09-11T15:00:00Z,13.403,218.5,68.92,0.89,OK
M-105,2026-09-11T16:00:00Z,13.462,219,69.02,0.891,OK
M-105,2026-09-11T17:00:00Z,13.504,219.7,69.13,0.889,OK
M-105,2026-09-11T18:00:00Z,6.519,220.1,33.05,0.896,OK
M-105,2026-09-11T19:00:00Z,6.508,221.2,33.28,0.884,OK
M-105,2026-09-11T20:00:00Z,6.809,219.6,34.72,0.893,OK
M-105,2026-09-11T21:00:00Z,6.772,218.8,34.94,0.886,OK
M-105,2026-09-11T22:00:00Z,4.881,220.5,24.85,0.891,OK
M-105,2026-09-11T23:00:00Z,5.017,219.7,25.75,0.887,OK
M-105,2026-09-12T00:00:00Z,4.965,219.6,25.37,0.891,OK
M-105,2026-09-12T01:00:00Z,5.023,221.1,25.73,0.883,OK
M-105,2026-09-12T02:00:00Z,5.045,218.9,25.72,0.896,OK
M-105,2026-09-12T03:00:00Z,4.877,221.5,25.03,0.88,OK
M-105,2026-09-12T04:00:00Z,5.073,218.9,26.1,0.888,OK
M-105,2026-09-12T05:00:00Z,5.074,220,25.73,0.897,OK
M-105,2026-09-12T06:00:00Z,7.156,219.2,36.89,0.885,OK
M-105,2026-09-12T07:00:00Z,9.571,220,49.01,0.888,OK
M-105,2026-09-12T08:00:00Z,13.319,218.8,68.19,0.893,OK
M-105,2026-09-12T09:00:00Z,13.409,219.9,68.62,0.889,OK
M-105,2026-09-12T10:00:00Z,14.17,220.2,71.93,0.895,OK
M-105,2026-09-12T11:00:00Z,14.022,220.5,71.45,0.89,OK
M-105,2026-09-12T12:00:00Z,14.243,220.5,72.76,0.888,OK
M-105,2026-09-12T13:00:00Z,13.528,220.2,69.39,0.885,OK
M-105,2026-09-12T14:00:00Z,13.696,219.2,70.24,0.889,OK
M-105,2026-09-12T15:00:00Z,14.05,218.4,72.85,0.883,OK
M-105,2026-09-12T16:00:00Z,13.731,220.5,69.43,0.897,OK
M-105,2026-09-12T17:00:00Z,13.586,221.8,68.77,0.891,OK
M-105,2026-09-12T18:00:00Z,6.792,220.4,34.51,0.893,OK
M-105,2026-09-12T19:00:00Z,6.662,219.9,34.3,0.883,OK
M-105,2026-09-12T20:00:00Z,6.612,220,33.64,0.893,OK
M-105,2026-09-12T21:00:00Z,6.56,218.8,33.63,0.891,OK
M-105,2026-09-12T22:00:00Z,5.188,220.5,26.48,0.888,OK
M-105,2026-09-12T23:00:00Z,5.036,219.6,25.77,0.89,OK
M-105,2026-09-13T00:00:00Z,4.761,219.4,24.4,0.889,OK
M-105,2026-09-13T01:00:00Z,4.845,220.7,24.76,0.887,OK
M-105,2026-09-13T02:00:00Z,5.084,219.1,26.32,0.881,OK
M-105,2026-09-13T03:00:00Z,5.041,220.5,25.88,0.884,OK
M-105,2026-09-13T04:00:00Z,4.933,220.9,25.27,0.884,OK
M-105,2026-09-13T05:00:00Z,4.936,218.8,25.39,0.889,OK
M-105,2026-09-13T06:00:00Z,7.073,220.3,36.04,0.891,OK
M-105,2026-09-13T07:00:00Z,9.347,221.8,47.36,0.89,OK
M-105,2026-09-13T08:00:00Z,13.374,219.7,68.32,0.891,OK
M-105,2026-09-13T09:00:00Z,13.256,219.1,67.75,0.893,OK
M-105,2026-09-13T10:00:00Z,13.776,218.9,70.54,0.892,OK
M-105,2026-09-13T11:00:00Z,13.387,220.1,68.48,0.888,OK
M-105,2026-09-13T12:00:00Z,13.771,220,70.76,0.884,OK
M-105,2026-09-13T13:00:00Z,13.786,220.5,69.81,0.896,OK
M-105,2026-09-13T14:00:00Z,13.316,219.3,68.74,0.883,OK
M-105,2026-09-13T15:00:00Z,13.634,220.4,69.75,0.887,OK
M-105,2026-09-13T16:00:00Z,13.593,219,69.92,0.888,OK
M-105,2026-09-13T17:00:00Z,13.933,218.6,71.37,0.893,OK
M-105,2026-09-13T18:00:00Z,6.484,220.4,33.12,0.888,OK
M-105,2026-09-13T19:00:00Z,6.457,218.3,33.49,0.883,OK
M-105,2026-09-13T20:00:00Z,6.248,219.9,31.69,0.897,OK
M-105,2026-09-13T21:00:00Z,6.624,220.3,33.78,0.89,OK
M-105,2026-09-13T22:00:00Z,5.144,219.6,26.28,0.891,OK
M-105,2026-09-13T23:00:00Z,4.966,220.8,25.31,0.888,OK
M-105,2026-09-14T00:00:00Z,5.073,221.1,25.68,0.893,OK
M-105,2026-09-14T01:00:00Z,5.137,221,26.16,0.889,OK
M-105,2026-09-14T02:00:00Z,4.807,218.5,24.84,0.885,OK
M-105,2026-09-14T03:00:00Z,4.98,221.1,25.35,0.888,OK
M-105,2026-09-14T04:00:00Z,5.017,220.5,25.62,0.888,OK
M-105,2026-09-14T05:00:00Z,4.941,220.1,25.08,0.895,OK
M-105,2026-09-14T06:00:00Z,7.086,221,35.91,0.893,OK
M-105,2026-09-14T07:00:00Z,9.434,219.4,48.35,0.889,OK
M-105,2026-09-14T08:00:00Z,14.068,220,72.05,0.888,OK
M-105,2026-09-14T09:00:00Z,13.031,219.9,66.32,0.894,OK
M-105,2026-09-14T10:00:00Z,13.168,221.5,66.62,0.892,OK
M-105,2026-09-14T11:00:00Z,13.377,219.1,68.82,0.887,OK
M-105,2026-09-14T12:00:00Z,13.738,219.2,70.29,0.892,OK
M-105,2026-09-14T13:00:00Z,13.807,219.9,70,0.897,OK
M-105,2026-09-14T14:00:00Z,13.384,219.9,68.72,0.886,OK
M-105,2026-09-14T15:00:00Z,13.618,220,69.64,0.889,OK
M-105,2026-09-14T16:00:00Z,13.42,220.5,68.54,0.888,OK
M-105,2026-09-14T17:00:00Z,13.492,218.8,69.04,0.893,OK
M-105,2026-09-14T18:00:00Z,6.551,220.4,33.59,0.885,OK
M-105,2026-09-14T19:00:00Z,6.339,219.9,32.31,0.892,OK
M-105,2026-09-14T20:00:00Z,6.333,220.1,32.14,0.895,OK
M-105,2026-09-14T21:00:00Z,6.535,218.7,33.38,0.895,OK
M-105,2026-09-14T22:00:00Z,4.855,220.3,24.89,0.886,OK
M-105,2026-09-14T23:00:00Z,5.095,219.9,26,0.891,OK
M-106,2026-09-01T00:00:00Z,2.901,220.3,14.32,0.92,OK
M-106,2026-09-01T01:00:00Z,2.94,220.4,14.55,0.917,OK
M-106,2026-09-01T02:00:00Z,2.862,220.7,14.1,0.919,OK
M-106,2026-09-01T03:00:00Z,2.923,220.4,14.43,0.919,OK
M-106,2026-09-01T04:00:00Z,2.853,219,14.11,0.924,OK
M-106,2026-09-01T05:00:00Z,2.785,220.8,13.65,0.925,OK
M-106,2026-09-01T06:00:00Z,4.199,220.1,20.78,0.918,OK
M-106,2026-09-01T07:00:00Z,5.524,220.3,27.4,0.915,OK
M-106,2026-09-01T08:00:00Z,7.953,220.2,39.21,0.921,OK
M-106,2026-09-01T09:00:00Z,7.702,221.1,37.69,0.924,OK
M-106,2026-09-01T10:00:00Z,7.854,220,38.81,0.92,OK
M-106,2026-09-01T11:00:00Z,7.545,220.8,37.04,0.923,OK
M-106,2026-09-01T12:00:00Z,7.71,219.6,38.3,0.917,OK
M-106,2026-09-01T13:00:00Z,7.59,219.6,37.43,0.924,OK
M-106,2026-09-01T14:00:00Z,8.109,220.2,40.16,0.917,OK
M-106,2026-09-01T15:00:00Z,7.867,219.9,38.71,0.924,OK
M-106,2026-09-01T16:00:00Z,8.15,219.9,40.23,0.921,OK
M-106,2026-09-01T17:00:00Z,7.664,219.9,37.98,0.918,OK
M-106,2026-09-01T18:00:00Z,3.849,219.8,19.18,0.913,OK
M-106,2026-09-01T19:00:00Z,3.637,220.2,18.13,0.911,OK
M-106,2026-09-01T20:00:00Z,3.691,220.3,18.28,0.917,OK
M-106,2026-09-01T21:00:00Z,3.777,220.4,18.61,0.921,OK
M-106,2026-09-01T22:00:00Z,2.886,219.6,14.33,0.918,OK
M-106,2026-09-01T23:00:00Z,2.848,219.5,14.04,0.924,OK
M-106,2026-09-02T00:00:00Z,2.871,219.5,14.16,0.923,OK
M-106,2026-09-02T01:00:00Z,2.726,218.8,13.53,0.92,OK
M-106,2026-09-02T02:00:00Z,2.946,218.3,14.67,0.92,OK
M-106,2026-09-02T03:00:00Z,2.903,219.9,14.39,0.917,OK
M-106,2026-09-02T04:00:00Z,2.84,219.1,14.12,0.918,OK
M-106,2026-09-02T05:00:00Z,2.871,219.7,14.1,0.927,OK
M-106,2026-09-02T06:00:00Z,4.198,219.5,20.9,0.915,OK
M-106,2026-09-02T07:00:00Z,5.51,221.1,26.94,0.925,OK
M-106,2026-09-02T08:00:00Z,7.951,219.5,39.21,0.924,OK
M-106,2026-09-02T09:00:00Z,7.924,220.3,38.87,0.925,OK
M-106,2026-09-02T10:00:00Z,7.595,219.3,37.62,0.921,OK
M-106,2026-09-02T11:00:00Z,7.624,219.5,37.73,0.921,OK
M-106,2026-09-02T12:00:00Z,7.722,220,38.15,0.92,OK
M-106,2026-09-02T13:00:00Z,7.905,219.7,39.1,0.92,OK
M-106,2026-09-02T14:00:00Z,7.842,220.8,38.42,0.925,OK
M-106,2026-09-02T15:00:00Z,7.426,221.1,36.88,0.911,OK
M-106,2026-09-02T16:00:00Z,8.027,220.2,39.84,0.915,OK
M-106,2026-09-02T17:00:00Z,7.818,219.3,38.52,0.925,OK
M-106,2026-09-02T18:00:00Z,3.865,219.6,19.12,0.92,OK
M-106,2026-09-02T19:00:00Z,3.847,220.4,18.89,0.924,OK
M-106,2026-09-02T20:00:00Z,3.764,219.3,18.56,0.925,OK
M-106,2026-09-02T21:00:00Z,3.858,219.2,19.07,0.923,OK
M-106,2026-09-02T22:00:00Z,3.013,221.5,14.8,0.919,OK
M-106,2026-09-02T23:00:00Z,2.887,220.3,14.29,0.918,OK
M-106,2026-09-03T00:00:00Z,2.836,220.7,13.86,0.927,OK
M-106,2026-09-03T01:00:00Z,2.988,219.8,14.75,0.921,OK
M-106,2026-09-03T02:00:00Z,2.772,220.8,13.72,0.915,OK
M-106,2026-09-03T03:00:00Z,2.959,219.8,14.62,0.921,OK
M-106,2026-09-03T04:00:00Z,2.826,219.1,13.98,0.923,OK
M-106,2026-09-03T05:00:00Z,2.96,220.7,14.47,0.927,OK
M-106,2026-09-03T06:00:00Z,4.082,220,20.09,0.923,OK
M-106,2026-09-03T07:00:00Z,5.397,220.2,26.63,0.92,OK
M-106,2026-09-03T08:00:00Z,7.457,221.9,36.46,0.922,OK
M-106,2026-09-03T09:00:00Z,7.894,220.2,39.14,0.916,OK
M-106,2026-09-03T10:00:00Z,7.881,219.7,38.86,0.923,OK
M-106,2026-09-03T11:00:00Z,7.906,220,39.09,0.919,OK
M-106,2026-09-03T12:00:00Z,7.766,220.1,38.38,0.919,OK
M-106,2026-09-03T13:00:00Z,7.854,219.3,38.73,0.925,OK
M-106,2026-09-03T14:00:00Z,7.906,219,39.45,0.915,OK
M-106,2026-09-03T15:00:00Z,7.926,219.9,39.07,0.922,OK
M-106,2026-09-03T16:00:00Z,7.981,218.5,39.82,0.917,OK
M-106,2026-09-03T17:00:00Z,7.855,219.8,38.66,0.924,OK
M-106,2026-09-03T18:00:00Z,3.802,220.2,18.74,0.922,OK
M-106,2026-09-03T19:00:00Z,3.892,220.5,19.24,0.917,OK
M-106,2026-09-03T20:00:00Z,3.905,220.4,19.21,0.922,OK
M-106,2026-09-03T21:00:00Z,3.85,221.1,19.18,0.908,OK
M-106,2026-09-03T22:00:00Z,2.887,221.1,14.3,0.913,OK
M-106,2026-09-03T23:00:00Z,2.929,219.6,14.42,0.925,OK
M-106,2026-09-04T00:00:00Z,2.851,220.6,14.05,0.92,OK
M-106,2026-09-04T01:00:00Z,2.812,220.5,13.86,0.92,OK
M-106,2026-09-04T02:00:00Z,2.885,221.1,14.18,0.92,OK
M-106,2026-09-04T03:00:00Z,2.874,220.5,14.21,0.917,OK
M-106,2026-09-04T04:00:00Z,2.858,219.2,14.12,0.923,OK
M-106,2026-09-04T05:00:00Z,2.959,218.7,14.72,0.919,OK
M-106,2026-09-04T06:00:00Z,4.051,220.1,19.9,0.925,OK
M-106,2026-09-04T07:00:00Z,5.346,220.8,26.33,0.919,OK
M-106,2026-09-04T08:00:00Z,7.873,221.9,38.43,0.923,OK
M-106,2026-09-04T09:00:00Z,7.665,219.8,37.99,0.918,OK
M-106,2026-09-04T10:00:00Z,7.729,218.6,38.49,0.919,OK
M-106,2026-09-04T11:00:00Z,7.836,220.2,38.5,0.924,OK
M-106,2026-09-04T12:00:00Z,7.932,218.9,39.21,0.924,OK
M-106,2026-09-04T13:00:00Z,7.59,220.8,37.54,0.916,OK
M-106,2026-09-04T14:00:00Z,7.887,220.1,38.74,0.925,OK
M-106,2026-09-04T15:00:00Z,7.954,219.3,39.41,0.92,OK
M-106,2026-09-04T16:00:00Z,8.452,220,41.89,0.917,OK
M-106,2026-09-04T17:00:00Z,7.89,220.2,38.98,0.919,OK
M-106,2026-09-04T18:00:00Z,3.845,219.9,19.14,0.913,OK
M-106,2026-09-04T19:00:00Z,3.972,221.9,19.46,0.92,OK
M-106,2026-09-04T20:00:00Z,3.948,218.5,19.69,0.918,OK
M-106,2026-09-04T21:00:00Z,3.764,220.9,18.47,0.923,OK
M-106,2026-09-04T22:00:00Z,2.879,221.1,14.15,0.92,OK
M-106,2026-09-04T23:00:00Z,2.9,219.6,14.36,0.92,OK
M-106,2026-09-05T00:00:00Z,2.798,220.4,13.75,0.923,OK
M-106,2026-09-05T01:00:00Z,2.843,220.1,14.01,0.922,OK
M-106,2026-09-05T02:00:00Z,2.917,220.2,14.41,0.919,OK
M-106,2026-09-05T03:00:00Z,2.948,219.4,14.6,0.92,OK
M-106,2026-09-05T04:00:00Z,2.97,219.4,14.71,0.92,OK
M-106,2026-09-05T05:00:00Z,2.907,220.7,14.25,0.924,OK
M-106,2026-09-05T06:00:00Z,4.289,219.2,21.33,0.917,OK
M-106,2026-09-05T07:00:00Z,5.296,219.8,26.02,0.926,OK
M-106,2026-09-05T08:00:00Z,7.872,220.2,39.05,0.916,OK
M-106,2026-09-05T09:00:00Z,7.846,219.8,38.75,0.921,OK
M-106,2026-09-05T10:00:00Z,7.725,219.8,38.21,0.92,OK
M-106,2026-09-05T11:00:00Z,7.94,220.4,39.19,0.919,OK
M-106,2026-09-05T12:00:00Z,7.787,220.8,37.98,0.928,OK
M-106,2026-09-05T13:00:00Z,7.838,220.1,38.68,0.921,OK
M-106,2026-09-05T14:00:00Z,7.967,220.9,39.03,0.924,OK
M-106,2026-09-05T15:00:00Z,7.88,220.6,38.88,0.919,OK
M-106,2026-09-05T16:00:00Z,7.748,220,38.48,0.915,OK
M-106,2026-09-05T17:00:00Z,7.999,219.9,39.57,0.919,OK
M-106,2026-09-05T18:00:00Z,3.951,219.8,19.7,0.913,OK
M-106,2026-09-05T19:00:00Z,3.743,220.1,18.62,0.913,OK
M-106,2026-09-05T20:00:00Z,3.905,220.6,19.34,0.915,OK
M-106,2026-09-05T21:00:00Z,3.87,219.5,19.28,0.914,OK
M-106,2026-09-05T22:00:00Z,2.9,220.4,14.2,0.927,OK
M-106,2026-09-05T23:00:00Z,2.892,219.4,14.3,0.922,OK
M-106,2026-09-06T00:00:00Z,2.889,220.8,14.2,0.921,OK
M-106,2026-09-06T01:00:00Z,2.871,219.9,14.17,0.921,OK
M-106,2026-09-06T02:00:00Z,2.86,219.7,14.2,0.917,OK
M-106,2026-09-06T03:00:00Z,2.908,220.5,14.38,0.917,OK
M-106,2026-09-06T04:00:00Z,2.845,219.9,14.02,0.923,OK
M-106,2026-09-06T05:00:00Z,2.765,220.5,13.66,0.918,OK
M-106,2026-09-06T06:00:00Z,4.177,220,20.56,0.923,OK
M-106,2026-09-06T07:00:00Z,5.428,219,27,0.918,OK
M-106,2026-09-06T08:00:00Z,7.743,220.5,38.24,0.918,OK
M-106,2026-09-06T09:00:00Z,7.931,220.4,39.32,0.915,OK
M-106,2026-09-06T10:00:00Z,7.862,220.1,38.95,0.917,OK
M-106,2026-09-06T11:00:00Z,7.873,219.7,39.14,0.916,OK
M-106,2026-09-06T12:00:00Z,7.898,221.5,38.8,0.919,OK
M-106,2026-09-06T13:00:00Z,8.07,220.2,39.88,0.919,OK
M-106,2026-09-06T14:00:00Z,8.046,220.6,39.56,0.922,OK
M-106,2026-09-06T15:00:00Z,7.813,220,38.56,0.921,OK
M-106,2026-09-06T16:00:00Z,7.75,219.8,38.1,0.925,OK
M-106,2026-09-06T17:00:00Z,7.945,221.3,38.95,0.922,OK
M-106,2026-09-06T18:00:00Z,3.81,219.1,18.94,0.918,OK
M-106,2026-09-06T19:00:00Z,3.76,219.9,18.55,0.922,OK
M-106,2026-09-06T20:00:00Z,3.909,219.2,19.48,0.915,OK
M-106,2026-09-06T21:00:00Z,3.897,220.7,19.17,0.921,OK
M-106,2026-09-06T22:00:00Z,2.826,220.4,14.04,0.913,OK
M-106,2026-09-06T23:00:00Z,2.849,220.8,13.88,0.93,OK
M-106,2026-09-07T00:00:00Z,2.9,220.3,14.34,0.918,OK
M-106,2026-09-07T01:00:00Z,2.91,220.6,14.34,0.92,OK
M-106,2026-09-07T02:00:00Z,2.913,221.4,14.14,0.931,OK
M-106,2026-09-07T03:00:00Z,2.895,218.7,14.44,0.917,OK
M-106,2026-09-07T04:00:00Z,2.802,220.4,13.77,0.923,OK
M-106,2026-09-07T05:00:00Z,2.767,222.3,13.5,0.922,OK
M-106,2026-09-07T06:00:00Z,4.101,218.6,20.45,0.917,OK
M-106,2026-09-07T07:00:00Z,5.435,220.7,26.7,0.922,OK
M-106,2026-09-07T08:00:00Z,7.826,221,38.53,0.919,OK
M-106,2026-09-07T09:00:00Z,7.684,221.1,37.96,0.916,OK
M-106,2026-09-07T10:00:00Z,7.749,218.7,38.34,0.924,OK
M-106,2026-09-07T11:00:00Z,7.843,220.2,38.64,0.922,OK
M-106,2026-09-07T12:00:00Z,7.782,219.2,38.69,0.918,OK
M-106,2026-09-07T13:00:00Z,7.98,220.8,39.21,0.922,OK
M-106,2026-09-07T14:00:00Z,7.934,220.8,39.12,0.918,OK
M-106,2026-09-07T15:00:00Z,7.763,220.6,38.42,0.916,OK
M-106,2026-09-07T16:00:00Z,7.812,219.7,38.69,0.919,OK
M-106,2026-09-07T17:00:00Z,8.101,220.9,39.55,0.927,OK
M-106,2026-09-07T18:00:00Z,3.779,220.8,18.7,0.915,OK
M-106,2026-09-07T19:00:00Z,3.717,219.2,18.37,0.923,OK
M-106,2026-09-07T20:00:00Z,3.761,221.7,18.32,0.926,OK
M-106,2026-09-07T21:00:00Z,3.742,219.5,18.62,0.916,OK
M-106,2026-09-07T22:00:00Z,2.89,219.9,14.36,0.915,OK
M-106,2026-09-07T23:00:00Z,2.872,219.6,14.12,0.926,OK
M-106,2026-09-08T00:00:00Z,3.001,220.8,14.72,0.924,OK
M-106,2026-09-08T01:00:00Z,2.963,220.5,14.58,0.922,OK
M-106,2026-09-08T02:00:00Z,2.885,219.1,14.35,0.918,OK
M-106,2026-09-08T03:00:00Z,2.883,219.6,14.34,0.915,OK
M-106,2026-09-08T04:00:00Z,2.883,220.4,14.31,0.914,OK
M-106,2026-09-08T05:00:00Z,2.828,219.3,13.99,0.921,OK
M-106,2026-09-08T06:00:00Z,4.103,219.7,20.33,0.919,OK
M-106,2026-09-08T07:00:00Z,5.393,220.1,26.68,0.918,OK
M-106,2026-09-08T08:00:00Z,7.743,221.6,37.83,0.924,OK
M-106,2026-09-08T09:00:00Z,8.275,221.8,40.81,0.914,OK
M-106,2026-09-08T10:00:00Z,7.587,219.7,37.62,0.918,OK
M-106,2026-09-08T11:00:00Z,7.659,220.1,37.75,0.922,OK
M-106,2026-09-08T12:00:00Z,7.639,218.6,37.83,0.924,OK
M-106,2026-09-08T13:00:00Z,7.753,219.3,38.54,0.917,OK
M-106,2026-09-08T14:00:00Z,7.87,218.8,38.98,0.923,OK
M-106,2026-09-08T15:00:00Z,7.948,220.1,38.99,0.926,OK
M-106,2026-09-08T16:00:00Z,7.809,221.4,38.43,0.918,OK
M-106,2026-09-08T17:00:00Z,7.704,219.8,38.21,0.917,OK
M-106,2026-09-08T18:00:00Z,3.773,220.1,18.63,0.92,OK
M-106,2026-09-08T19:00:00Z,3.735,219.6,18.53,0.918,OK
M-106,2026-09-08T20:00:00Z,3.906,219.8,19.33,0.919,OK
M-106,2026-09-08T21:00:00Z,3.932,221,19.39,0.918,OK
M-106,2026-09-08T22:00:00Z,2.885,220.2,14.23,0.921,OK
M-106,2026-09-08T23:00:00Z,2.947,219.4,14.47,0.928,OK
M-106,2026-09-09T00:00:00Z,2.842,220.4,14.1,0.915,OK
M-106,2026-09-09T01:00:00Z,2.981,219.5,14.72,0.923,OK
M-106,2026-09-09T02:00:00Z,2.946,221,14.5,0.92,OK
M-106,2026-09-09T03:00:00Z,2.781,218.3,13.91,0.916,OK
M-106,2026-09-09T04:00:00Z,2.931,220.8,14.45,0.918,OK
M-106,2026-09-09T05:00:00Z,2.962,220.3,14.6,0.921,OK
M-106,2026-09-09T06:00:00Z,4.261,219.5,21.16,0.917,OK
M-106,2026-09-09T07:00:00Z,5.381,220.3,26.34,0.927,OK
M-106,2026-09-09T08:00:00Z,7.813,217.7,39.1,0.918,OK
M-106,2026-09-09T09:00:00Z,7.892,219.7,39.24,0.915,OK
M-106,2026-09-09T10:00:00Z,7.858,220.8,38.75,0.919,OK
M-106,2026-09-09T11:00:00Z,7.937,219.1,39.19,0.924,OK
M-106,2026-09-09T12:00:00Z,7.962,220.1,39.45,0.917,OK
M-106,2026-09-09T13:00:00Z,7.739,221.1,37.85,0.925,OK
M-106,2026-09-09T14:00:00Z,7.915,219.5,39.28,0.918,OK
M-106,2026-09-09T15:00:00Z,8.137,219.5,40.18,0.922,OK
M-106,2026-09-09T16:00:00Z,7.925,219.7,39.23,0.919,OK
M-106,2026-09-09T17:00:00Z,8.023,220.2,39.5,0.922,OK
M-106,2026-09-09T18:00:00Z,3.723,221.5,18.34,0.917,OK
M-106,2026-09-09T19:00:00Z,3.845,219.8,19.03,0.919,OK
M-106,2026-09-09T20:00:00Z,3.92,219.5,19.3,0.925,OK
M-106,2026-09-09T21:00:00Z,3.857,219.3,19.05,0.923,OK
M-106,2026-09-09T22:00:00Z,2.946,220.7,14.49,0.922,OK
M-106,2026-09-09T23:00:00Z,2.785,219.7,13.73,0.924,OK
M-106,2026-09-10T00:00:00Z,0.407,220.5,2.01,0.917,OK
M-106,2026-09-10T01:00:00Z,0.413,220.6,2.04,0.921,OK
M-106,2026-09-10T02:00:00Z,0.402,221.1,1.99,0.915,OK
M-106,2026-09-10T03:00:00Z,0.403,221.2,1.99,0.918,OK
M-106,2026-09-10T04:00:00Z,0.401,219.9,1.98,0.921,OK
M-106,2026-09-10T05:00:00Z,0.395,219.5,1.97,0.915,OK
M-106,2026-09-10T06:00:00Z,0.59,221,2.91,0.917,OK
M-106,2026-09-10T07:00:00Z,0.736,220.1,3.63,0.922,OK
M-106,2026-09-10T08:00:00Z,1.093,218.5,5.42,0.924,OK
M-106,2026-09-10T09:00:00Z,1.124,220.2,5.54,0.92,OK
M-106,2026-09-10T10:00:00Z,1.1,219.9,5.44,0.919,OK
M-106,2026-09-10T11:00:00Z,1.114,220.1,5.51,0.919,OK
M-106,2026-09-10T12:00:00Z,1.108,220.2,5.48,0.918,OK
M-106,2026-09-10T13:00:00Z,1.098,220.2,5.47,0.912,OK
M-106,2026-09-10T14:00:00Z,1.08,219.7,5.34,0.921,OK
M-106,2026-09-10T15:00:00Z,1.102,220,5.45,0.919,OK
M-106,2026-09-10T16:00:00Z,1.099,218.8,5.47,0.918,OK
M-106,2026-09-10T17:00:00Z,1.124,219.1,5.61,0.915,OK
M-106,2026-09-10T18:00:00Z,0.546,219.6,2.71,0.919,OK
M-106,2026-09-10T19:00:00Z,0.526,221.2,2.59,0.92,OK
M-106,2026-09-10T20:00:00Z,0.55,219.7,2.75,0.91,OK
M-106,2026-09-10T21:00:00Z,0.516,218.7,2.57,0.918,OK
M-106,2026-09-10T22:00:00Z,0.391,221.5,1.9,0.928,OK
M-106,2026-09-10T23:00:00Z,0.403,219.8,1.99,0.921,OK
M-106,2026-09-11T00:00:00Z,0.396,220.5,1.96,0.917,OK
M-106,2026-09-11T01:00:00Z,0.412,219.7,2.04,0.921,OK
M-106,2026-09-11T02:00:00Z,0.402,220,1.98,0.924,OK
M-106,2026-09-11T03:00:00Z,0.416,219.6,2.06,0.92,OK
M-106,2026-09-11T04:00:00Z,0.396,221.6,1.94,0.922,OK
M-106,2026-09-11T05:00:00Z,0.405,220.2,2,0.919,OK
M-106,2026-09-11T06:00:00Z,0.594,219.4,2.95,0.919,OK
M-106,2026-09-11T07:00:00Z,0.754,218.4,3.77,0.916,OK
M-106,2026-09-11T08:00:00Z,1.108,219.7,5.5,0.917,OK
M-106,2026-09-11T09:00:00Z,1.094,221,5.38,0.921,OK
M-106,2026-09-11T10:00:00Z,1.085,220.8,5.36,0.916,OK
M-106,2026-09-11T11:00:00Z,1.097,221.3,5.42,0.914,OK
M-106,2026-09-11T12:00:00Z,1.087,219.7,5.42,0.913,OK
M-106,2026-09-11T13:00:00Z,1.086,220.6,5.38,0.915,OK
M-106,2026-09-11T14:00:00Z,1.076,219.3,5.3,0.926,OK
M-106,2026-09-11T15:00:00Z,1.087,219.8,5.4,0.915,OK
M-106,2026-09-11T16:00:00Z,1.132,220.2,5.58,0.922,OK
M-106,2026-09-11T17:00:00Z,1.095,218.9,5.41,0.925,OK
M-106,2026-09-11T18:00:00Z,0.516,219.7,2.55,0.92,OK
M-106,2026-09-11T19:00:00Z,0.556,220.2,2.77,0.913,OK
M-106,2026-09-11T20:00:00Z,0.534,220.7,2.63,0.921,OK
M-106,2026-09-11T21:00:00Z,0.536,220.3,2.62,0.927,OK
M-106,2026-09-11T22:00:00Z,0.395,219.3,1.97,0.915,OK
M-106,2026-09-11T23:00:00Z,0.414,220.7,2.02,0.928,OK
M-106,2026-09-12T00:00:00Z,0.407,219.5,2.02,0.919,OK
M-106,2026-09-12T01:00:00Z,0.389,218.7,1.93,0.919,OK
M-106,2026-09-12T02:00:00Z,0.396,219.2,1.95,0.924,OK
M-106,2026-09-12T03:00:00Z,0.41,218.9,2.05,0.915,OK
M-106,2026-09-12T04:00:00Z,0.403,220.6,1.97,0.925,OK
M-106,2026-09-12T05:00:00Z,0.397,220.6,1.96,0.919,OK
M-106,2026-09-12T06:00:00Z,0.588,220.5,2.91,0.917,OK
M-106,2026-09-12T07:00:00Z,0.785,220.2,3.89,0.917,OK
M-106,2026-09-12T08:00:00Z,1.128,219,5.54,0.93,OK
M-106,2026-09-12T09:00:00Z,1.092,220.9,5.38,0.918,OK
M-106,2026-09-12T10:00:00Z,1.135,219.4,5.61,0.922,OK
M-106,2026-09-12T11:00:00Z,1.109,219.3,5.5,0.92,OK
M-106,2026-09-12T12:00:00Z,1.084,220.4,5.3,0.928,OK
M-106,2026-09-12T13:00:00Z,1.096,221.6,5.36,0.922,OK
M-106,2026-09-12T14:00:00Z,1.103,220.7,5.41,0.924,OK
M-106,2026-09-12T15:00:00Z,1.126,219.7,5.53,0.926,OK
M-106,2026-09-12T16:00:00Z,1.111,219.2,5.5,0.921,OK
M-106,2026-09-12T17:00:00Z,1.106,220.2,5.47,0.919,OK
M-106,2026-09-12T18:00:00Z,0.549,220.6,2.72,0.915,OK
M-106,2026-09-12T19:00:00Z,0.527,219.7,2.63,0.913,OK
M-106,2026-09-12T20:00:00Z,0.534,221.1,2.64,0.916,OK
M-106,2026-09-12T21:00:00Z,0.523,218,2.61,0.921,OK
M-106,2026-09-12T22:00:00Z,0.4,220.5,1.98,0.918,OK
M-106,2026-09-12T23:00:00Z,0.39,220.1,1.91,0.93,OK
M-106,2026-09-13T00:00:00Z,2.851,219.7,14.16,0.916,OK
M-106,2026-09-13T01:00:00Z,2.781,219.3,13.75,0.922,OK
M-106,2026-09-13T02:00:00Z,2.889,220.4,14.22,0.922,OK
M-106,2026-09-13T03:00:00Z,2.883,219.9,14.21,0.923,OK
M-106,2026-09-13T04:00:00Z,2.913,219.9,14.41,0.919,OK
M-106,2026-09-13T05:00:00Z,2.873,219.7,14.06,0.93,OK
M-106,2026-09-13T06:00:00Z,4.169,220.5,20.51,0.922,OK
M-106,2026-09-13T07:00:00Z,5.431,220.4,26.96,0.914,OK
M-106,2026-09-13T08:00:00Z,7.827,220.4,38.44,0.924,OK
M-106,2026-09-13T09:00:00Z,7.814,221.7,38.3,0.92,OK
M-106,2026-09-13T10:00:00Z,7.788,218.2,38.78,0.921,OK
M-106,2026-09-13T11:00:00Z,7.901,220,39.09,0.919,OK
M-106,2026-09-13T12:00:00Z,8.015,221.5,39.58,0.914,OK
M-106,2026-09-13T13:00:00Z,7.904,218.5,39.49,0.916,OK
M-106,2026-09-13T14:00:00Z,7.94,220.3,39.17,0.92,OK
M-106,2026-09-13T15:00:00Z,7.986,220,39.24,0.925,OK
M-106,2026-09-13T16:00:00Z,7.971,218.8,39.69,0.918,OK
M-106,2026-09-13T17:00:00Z,7.765,220.2,38.53,0.915,OK
M-106,2026-09-13T18:00:00Z,3.818,221,18.84,0.917,OK
M-106,2026-09-13T19:00:00Z,3.867,220.4,19.04,0.921,OK
M-106,2026-09-13T20:00:00Z,3.666,220.1,18.13,0.919,OK
M-106,2026-09-13T21:00:00Z,3.786,220,18.63,0.924,OK
M-106,2026-09-13T22:00:00Z,2.967,219.9,14.76,0.914,OK
M-106,2026-09-13T23:00:00Z,2.864,220.2,14.2,0.916,OK
M-106,2026-09-14T00:00:00Z,2.874,220.6,13.99,0.931,OK
M-106,2026-09-14T01:00:00Z,2.961,221.4,14.49,0.923,OK
M-106,2026-09-14T02:00:00Z,2.953,219.9,14.6,0.92,OK
M-106,2026-09-14T03:00:00Z,2.862,220.7,14,0.926,OK
M-106,2026-09-14T04:00:00Z,2.817,220.4,13.97,0.915,OK
M-106,2026-09-14T05:00:00Z,2.931,220,14.5,0.919,OK
M-106,2026-09-14T06:00:00Z,4.184,219.3,20.83,0.916,OK
M-106,2026-09-14T07:00:00Z,5.474,220,27.02,0.921,OK
M-106,2026-09-14T08:00:00Z,8.077,220.2,39.7,0.924,OK
M-106,2026-09-14T09:00:00Z,7.969,220,39.41,0.919,OK
M-106,2026-09-14T10:00:00Z,7.774,220,38.64,0.915,OK
M-106,2026-09-14T11:00:00Z,7.829,219.6,38.94,0.916,OK
M-106,2026-09-14T12:00:00Z,8.084,219.7,40,0.92,OK
M-106,2026-09-14T13:00:00Z,7.485,221.8,36.67,0.92,OK
M-106,2026-09-14T14:00:00Z,7.621,219.5,37.87,0.917,OK
M-106,2026-09-14T15:00:00Z,7.863,219.4,38.91,0.921,OK
M-106,2026-09-14T16:00:00Z,7.704,219.3,38.36,0.916,OK
M-106,2026-09-14T17:00:00Z,8.064,220.4,39.72,0.921,OK
M-106,2026-09-14T18:00:00Z,3.937,219.5,19.54,0.918,OK
M-106,2026-09-14T19:00:00Z,3.802,219.5,18.93,0.915,OK
M-106,2026-09-14T20:00:00Z,3.832,221,18.95,0.915,OK
M-106,2026-09-14T21:00:00Z,3.87,219.4,19.27,0.916,OK
M-106,2026-09-14T22:00:00Z,2.876,219.4,14.18,0.924,OK
M-106,2026-09-14T23:00:00Z,2.934,218.7,14.51,0.925,OK
M-107,2026-09-01T00:00:00Z,3.114,219.7,15.98,0.887,OK
M-107,2026-09-01T01:00:00Z,3.179,219.1,16.56,0.876,OK
M-107,2026-09-01T02:00:00Z,3.229,220.1,16.59,0.885,OK
M-107,2026-09-01T03:00:00Z,3.209,219.5,16.51,0.885,OK
M-107,2026-09-01T04:00:00Z,3.195,221.8,16.42,0.878,OK
M-107,2026-09-01T05:00:00Z,3.225,220.5,16.63,0.879,OK
M-107,2026-09-01T06:00:00Z,4.504,220,23.2,0.883,OK
M-107,2026-09-01T07:00:00Z,6.125,219,31.8,0.88,OK
M-107,2026-09-01T08:00:00Z,8.662,219,44.53,0.888,OK
M-107,2026-09-01T09:00:00Z,8.501,220.3,43.7,0.883,OK
M-107,2026-09-01T10:00:00Z,8.744,221.7,44.71,0.882,OK
M-107,2026-09-01T11:00:00Z,8.754,219.4,45.4,0.879,OK
M-107,2026-09-01T12:00:00Z,8.347,219,43.26,0.881,OK
M-107,2026-09-01T13:00:00Z,8.758,219.6,45.12,0.884,OK
M-107,2026-09-01T14:00:00Z,8.449,220.3,43.59,0.88,OK
M-107,2026-09-01T15:00:00Z,8.511,219.5,44.05,0.88,OK
M-107,2026-09-01T16:00:00Z,8.641,221.1,44.48,0.879,OK
M-107,2026-09-01T17:00:00Z,8.569,220,44.21,0.881,OK
M-107,2026-09-01T18:00:00Z,4.432,221.2,22.81,0.878,OK
M-107,2026-09-01T19:00:00Z,4.171,218.7,21.78,0.876,OK
M-107,2026-09-01T20:00:00Z,4.123,220.5,21.23,0.881,OK
M-107,2026-09-01T21:00:00Z,4.19,220.7,21.57,0.88,OK
M-107,2026-09-01T22:00:00Z,3.165,221,16.26,0.881,OK
M-107,2026-09-01T23:00:00Z,3.152,219.4,16.35,0.879,OK
M-107,2026-09-02T00:00:00Z,3.034,219.5,15.72,0.879,OK
M-107,2026-09-02T01:00:00Z,3.18,220.9,16.37,0.88,OK
M-107,2026-09-02T02:00:00Z,3.169,220.8,16.35,0.878,OK
M-107,2026-09-02T03:00:00Z,3.166,220.7,16.34,0.878,OK
M-107,2026-09-02T04:00:00Z,3.166,220.3,16.38,0.877,OK
M-107,2026-09-02T05:00:00Z,3.216,220.4,16.66,0.876,OK
M-107,2026-09-02T06:00:00Z,4.618,219.9,23.88,0.879,OK
M-107,2026-09-02T07:00:00Z,5.936,219.2,30.78,0.88,OK
M-107,2026-09-02T08:00:00Z,8.557,221,44.03,0.88,OK
M-107,2026-09-02T09:00:00Z,8.576,219.2,44.45,0.88,OK
M-107,2026-09-02T10:00:00Z,8.496,219.2,43.89,0.883,OK
M-107,2026-09-02T11:00:00Z,8.664,218.9,45.01,0.879,OK
M-107,2026-09-02T12:00:00Z,8.51,220.2,43.52,0.888,OK
M-107,2026-09-02T13:00:00Z,8.897,220.3,45.93,0.879,OK
M-107,2026-09-02T14:00:00Z,8.726,219.4,45.32,0.878,OK
M-107,2026-09-02T15:00:00Z,8.837,221.4,44.99,0.887,OK
M-107,2026-09-02T16:00:00Z,8.251,220.6,42.43,0.882,OK
M-107,2026-09-02T17:00:00Z,8.546,220.3,43.87,0.884,OK
M-107,2026-09-02T18:00:00Z,4.014,218.6,20.95,0.876,OK
M-107,2026-09-02T19:00:00Z,4.296,221,22.01,0.883,OK
M-107,2026-09-02T20:00:00Z,4.096,219.6,21.22,0.879,OK
M-107,2026-09-02T21:00:00Z,4.145,219.5,21.5,0.878,OK
M-107,2026-09-02T22:00:00Z,3.164,220.7,16.36,0.876,OK
M-107,2026-09-02T23:00:00Z,3.185,221.7,16.41,0.876,OK
M-107,2026-09-03T00:00:00Z,3.137,220.2,16.2,0.879,OK
M-107,2026-09-03T01:00:00Z,3.191,220.1,16.53,0.877,OK
M-107,2026-09-03T02:00:00Z,3.068,217.7,15.99,0.881,OK
M-107,2026-09-03T03:00:00Z,3.146,219.9,16.32,0.877,OK
M-107,2026-09-03T04:00:00Z,3.093,221.1,15.89,0.88,OK
M-107,2026-09-03T05:00:00Z,3.087,220.6,15.88,0.881,OK
M-107,2026-09-03T06:00:00Z,4.505,220.3,23.22,0.881,OK
M-107,2026-09-03T07:00:00Z,5.797,221.1,29.69,0.883,OK
M-107,2026-09-03T08:00:00Z,8.153,218.7,42.32,0.881,OK
M-107,2026-09-03T09:00:00Z,8.383,218.8,43.49,0.881,OK
M-107,2026-09-03T10:00:00Z,8.426,220.5,43.34,0.882,OK
M-107,2026-09-03T11:00:00Z,8.742,220.1,44.87,0.885,OK
M-107,2026-09-03T12:00:00Z,8.404,221.1,43.29,0.878,OK
M-107,2026-09-03T13:00:00Z,8.396,219.2,43.18,0.887,OK
M-107,2026-09-03T14:00:00Z,8.493,222,43.32,0.883,OK
M-107,2026-09-03T15:00:00Z,8.964,219.5,46.26,0.883,OK
M-107,2026-09-03T16:00:00Z,8.613,219.9,44.7,0.876,OK
M-107,2026-09-03T17:00:00Z,8.575,219.4,44.34,0.882,OK
M-107,2026-09-03T18:00:00Z,4.07,219.6,20.97,0.884,OK
M-107,2026-09-03T19:00:00Z,4.018,220.4,20.69,0.881,OK
M-107,2026-09-03T20:00:00Z,4.192,219.9,21.8,0.875,OK
M-107,2026-09-03T21:00:00Z,4.248,219.9,22.11,0.874,OK
M-107,2026-09-03T22:00:00Z,3.087,220.7,16,0.874,OK
M-107,2026-09-03T23:00:00Z,3.127,218.7,16.22,0.881,OK
M-107,2026-09-04T00:00:00Z,3.223,221.5,16.5,0.882,OK
M-107,2026-09-04T01:00:00Z,3.198,218.6,16.64,0.879,OK
M-107,2026-09-04T02:00:00Z,3.194,220.5,16.52,0.877,OK
M-107,2026-09-04T03:00:00Z,3.132,219.7,16.22,0.879,OK
M-107,2026-09-04T04:00:00Z,3.057,221.1,15.7,0.881,OK
M-107,2026-09-04T05:00:00Z,3.118,219,16.13,0.882,OK
M-107,2026-09-04T06:00:00Z,4.643,219.6,23.85,0.886,OK
M-107,2026-09-04T07:00:00Z,5.824,220,29.85,0.887,OK
M-107,2026-09-04T08:00:00Z,8.415,219.9,43.24,0.885,OK
M-107,2026-09-04T09:00:00Z,8.505,218.8,43.79,0.888,OK
M-107,2026-09-04T10:00:00Z,8.647,219.1,44.68,0.883,OK
M-107,2026-09-04T11:00:00Z,8.275,220.7,42.74,0.878,OK
M-107,2026-09-04T12:00:00Z,8.588,219.3,44.5,0.88,OK
M-107,2026-09-04T13:00:00Z,8.547,220.4,44.11,0.879,OK
M-107,2026-09-04T14:00:00Z,8.496,218.6,44.31,0.877,OK
M-107,2026-09-04T15:00:00Z,8.494,219.4,43.74,0.885,OK
M-107,2026-09-04T16:00:00Z,8.547,220.9,43.93,0.881,OK
M-107,2026-09-04T17:00:00Z,8.592,219.2,44.5,0.881,OK
M-107,2026-09-04T18:00:00Z,4.174,220.1,21.62,0.877,OK
M-107,2026-09-04T19:00:00Z,4.137,221.7,21.03,0.887,OK
M-107,2026-09-04T20:00:00Z,4.178,220.8,21.42,0.884,OK
M-107,2026-09-04T21:00:00Z,4.175,221.5,21.6,0.873,OK
M-107,2026-09-04T22:00:00Z,3.145,220.6,16.25,0.877,OK
M-107,2026-09-04T23:00:00Z,3.151,220.5,16.24,0.88,OK
M-107,2026-09-05T00:00:00Z,3.346,220.3,17.19,0.883,OK
M-107,2026-09-05T01:00:00Z,3.116,220.5,16,0.883,OK
M-107,2026-09-05T02:00:00Z,3.13,219,16.26,0.879,OK
M-107,2026-09-05T03:00:00Z,3.11,220,16.1,0.878,OK
M-107,2026-09-05T04:00:00Z,3.268,221.3,16.87,0.876,OK
M-107,2026-09-05T05:00:00Z,3.213,218.2,16.69,0.882,OK
M-107,2026-09-05T06:00:00Z,4.575,219.1,23.7,0.881,OK
M-107,2026-09-05T07:00:00Z,5.897,220.6,30.38,0.88,OK
M-107,2026-09-05T08:00:00Z,8.718,220.6,45.38,0.871,OK
M-107,2026-09-05T09:00:00Z,8.346,220,43.28,0.876,OK
M-107,2026-09-05T10:00:00Z,8.639,220.1,44.44,0.883,OK
M-107,2026-09-05T11:00:00Z,8.602,220.3,44.52,0.877,OK
M-107,2026-09-05T12:00:00Z,8.579,218.7,44.3,0.886,OK
M-107,2026-09-05T13:00:00Z,8.913,219.4,46.46,0.874,OK
M-107,2026-09-05T14:00:00Z,8.509,220.6,43.93,0.878,OK
M-107,2026-09-05T15:00:00Z,8.648,221.1,44.75,0.874,OK
M-107,2026-09-05T16:00:00Z,8.472,220,43.78,0.88,OK
M-107,2026-09-05T17:00:00Z,8.469,219,43.89,0.881,OK
M-107,2026-09-05T18:00:00Z,4.104,220.3,21.37,0.872,OK
M-107,2026-09-05T19:00:00Z,4.119,218,21.36,0.885,OK
M-107,2026-09-05T20:00:00Z,4.142,219.9,21.36,0.882,OK
M-107,2026-09-05T21:00:00Z,4.099,219.8,21.11,0.883,OK
M-107,2026-09-05T22:00:00Z,3.114,221,16.06,0.877,OK
M-107,2026-09-05T23:00:00Z,3.209,218.1,16.65,0.884,OK
M-107,2026-09-06T00:00:00Z,3.147,217.5,16.46,0.879,OK
M-107,2026-09-06T01:00:00Z,3.223,220.5,16.67,0.877,OK
M-107,2026-09-06T02:00:00Z,3.17,219.3,16.39,0.882,OK
M-107,2026-09-06T03:00:00Z,3.161,219.8,16.48,0.873,OK
M-107,2026-09-06T04:00:00Z,3.088,220.4,15.73,0.891,OK
M-107,2026-09-06T05:00:00Z,3.106,220.3,16.02,0.88,OK
M-107,2026-09-06T06:00:00Z,4.458,218.2,23.16,0.882,OK
M-107,2026-09-06T07:00:00Z,5.694,219.5,29.46,0.88,OK
M-107,2026-09-06T08:00:00Z,8.48,219.9,43.88,0.879,OK
M-107,2026-09-06T09:00:00Z,8.374,219.1,43.13,0.886,OK
M-107,2026-09-06T10:00:00Z,8.51,219.2,44.13,0.88,OK
M-107,2026-09-06T11:00:00Z,8.524,220.6,43.99,0.879,OK
M-107,2026-09-06T12:00:00Z,8.508,219.3,44.11,0.88,OK
M-107,2026-09-06T13:00:00Z,8.681,220.9,44.21,0.889,OK
M-107,2026-09-06T14:00:00Z,8.408,221.1,43.31,0.878,OK
M-107,2026-09-06T15:00:00Z,8.546,219.2,44.27,0.881,OK
M-107,2026-09-06T16:00:00Z,8.528,219,44.31,0.879,OK
M-107,2026-09-06T17:00:00Z,8.825,220,45.41,0.883,OK
M-107,2026-09-06T18:00:00Z,4.203,219.9,21.77,0.878,OK
M-107,2026-09-06T19:00:00Z,4.115,219.1,21.28,0.882,OK
M-107,2026-09-06T20:00:00Z,4.245,219.7,21.92,0.881,OK
M-107,2026-09-06T21:00:00Z,4.183,219.8,21.61,0.881,OK
M-107,2026-09-06T22:00:00Z,3.157,218.8,16.37,0.882,OK
M-107,2026-09-06T23:00:00Z,3.154,220,16.36,0.876,OK
M-107,2026-09-07T00:00:00Z,3.128,220.7,16.17,0.876,OK
M-107,2026-09-07T01:00:00Z,3.088,217.8,16.14,0.878,OK
M-107,2026-09-07T02:00:00Z,3.228,219.3,16.73,0.88,OK
M-107,2026-09-07T03:00:00Z,3.154,222.1,16.1,0.882,OK
M-107,2026-09-07T04:00:00Z,3.128,220.4,16.24,0.874,OK
M-107,2026-09-07T05:00:00Z,3.174,220.8,16.17,0.889,OK
M-107,2026-09-07T06:00:00Z,4.506,218.8,23.51,0.876,OK
M-107,2026-09-07T07:00:00Z,5.967,220.4,30.9,0.876,OK
M-107,2026-09-07T08:00:00Z,8.461,220.2,43.5,0.883,OK
M-107,2026-09-07T09:00:00Z,8.805,220.1,45.61,0.877,OK
M-107,2026-09-07T10:00:00Z,8.626,219.5,44.45,0.884,OK
M-107,2026-09-07T11:00:00Z,8.731,219.5,45.57,0.873,OK
M-107,2026-09-07T12:00:00Z,8.77,219.4,45.33,0.882,OK
M-107,2026-09-07T13:00:00Z,8.595,221.5,43.99,0.882,OK
M-107,2026-09-07T14:00:00Z,8.365,221,43.25,0.875,OK
M-107,2026-09-07T15:00:00Z,8.712,221.5,44.64,0.881,OK
M-107,2026-09-07T16:00:00Z,8.597,219.4,44.39,0.883,OK
M-107,2026-09-07T17:00:00Z,8.918,219.1,46.26,0.88,OK
M-107,2026-09-07T18:00:00Z,4.305,218.8,22.39,0.879,OK
M-107,2026-09-07T19:00:00Z,4.032,221.1,20.67,0.882,OK
M-107,2026-09-07T20:00:00Z,4.202,220.3,21.5,0.887,OK
M-107,2026-09-07T21:00:00Z,4.136,220.1,21.36,0.88,OK
M-107,2026-09-07T22:00:00Z,3.287,220.4,16.89,0.883,OK
M-107,2026-09-07T23:00:00Z,3.196,220,16.51,0.88,OK
M-107,2026-09-08T00:00:00Z,3.093,219,16.11,0.877,OK
M-107,2026-09-08T01:00:00Z,3.072,220.9,15.76,0.883,OK
M-107,2026-09-08T02:00:00Z,3.185,219.3,16.51,0.88,OK
M-107,2026-09-08T03:00:00Z,3.137,220.6,16.16,0.88,OK
M-107,2026-09-08T04:00:00Z,3.053,219.7,15.85,0.876,OK
M-107,2026-09-08T05:00:00Z,3.143,220.5,16.26,0.877,OK
M-107,2026-09-08T06:00:00Z,4.355,220.2,22.46,0.881,OK
M-107,2026-09-08T07:00:00Z,5.792,221.1,29.71,0.882,OK
M-107,2026-09-08T08:00:00Z,8.388,218.7,43.8,0.876,OK
M-107,2026-09-08T09:00:00Z,8.493,219.6,43.93,0.88,OK
M-107,2026-09-08T10:00:00Z,8.48,219.1,43.86,0.882,OK
M-107,2026-09-08T11:00:00Z,8.53,219.6,44.19,0.879,OK
M-107,2026-09-08T12:00:00Z,8.514,217.5,44.6,0.877,OK
M-107,2026-09-08T13:00:00Z,8.551,221.4,44.03,0.877,OK
M-107,2026-09-08T14:00:00Z,8.534,221.3,43.87,0.879,OK
M-107,2026-09-08T15:00:00Z,8.301,220,42.62,0.885,OK
M-107,2026-09-08T16:00:00Z,8.377,220.1,43.29,0.879,OK
M-107,2026-09-08T17:00:00Z,8.31,220.4,43.17,0.874,OK
M-107,2026-09-08T18:00:00Z,4.075,218.8,21.3,0.874,OK
M-107,2026-09-08T19:00:00Z,4.177,220.8,21.39,0.884,OK
M-107,2026-09-08T20:00:00Z,4.066,221.3,20.91,0.879,OK
M-107,2026-09-08T21:00:00Z,4.067,220.2,21,0.879,OK
M-107,2026-09-08T22:00:00Z,3.162,220.2,16.41,0.875,OK
M-107,2026-09-08T23:00:00Z,3.168,219.3,16.36,0.883,OK
M-107,2026-09-09T00:00:00Z,3.189,220.3,16.38,0.884,OK
M-107,2026-09-09T01:00:00Z,3.109,218.6,16.22,0.877,OK
M-107,2026-09-09T02:00:00Z,3.13,220.5,16.06,0.884,OK
M-107,2026-09-09T03:00:00Z,3.16,220.5,16.29,0.88,OK
M-107,2026-09-09T04:00:00Z,3.245,218.9,16.82,0.881,OK
M-107,2026-09-09T05:00:00Z,3.148,220.4,16.21,0.881,OK
M-107,2026-09-09T06:00:00Z,4.644,221.3,23.88,0.879,OK
M-107,2026-09-09T07:00:00Z,6.079,220.2,31.22,0.884,OK
M-107,2026-09-09T08:00:00Z,8.409,219.1,43.61,0.88,OK
M-107,2026-09-09T09:00:00Z,8.285,219.7,42.37,0.89,OK
M-107,2026-09-09T10:00:00Z,8.751,220.2,45.41,0.875,OK
M-107,2026-09-09T11:00:00Z,8.708,219.8,45.23,0.876,OK
M-107,2026-09-09T12:00:00Z,8.51,221,43.92,0.877,OK
M-107,2026-09-09T13:00:00Z,8.356,218.1,43.51,0.881,OK
M-107,2026-09-09T14:00:00Z,8.582,220,44.23,0.882,OK
M-107,2026-09-09T15:00:00Z,8.44,219.9,43.63,0.88,OK
M-107,2026-09-09T16:00:00Z,8.237,219.9,42.77,0.876,OK
M-107,2026-09-09T17:00:00Z,8.158,221.2,41.93,0.88,OK
M-107,2026-09-09T18:00:00Z,3.903,219.2,20.26,0.879,OK
M-107,2026-09-09T19:00:00Z,4.07,220.8,21,0.878,OK
M-107,2026-09-09T20:00:00Z,4.084,220.8,21.02,0.88,OK
M-107,2026-09-09T21:00:00Z,4.251,219.4,22.08,0.878,OK
M-107,2026-09-09T22:00:00Z,3.205,220.5,16.71,0.87,OK
M-107,2026-09-09T23:00:00Z,3.114,220.1,16.06,0.881,OK
M-107,2026-09-10T00:00:00Z,3.052,219.2,15.92,0.875,OK
M-107,2026-09-10T01:00:00Z,3.115,219.5,16.06,0.884,OK
M-107,2026-09-10T02:00:00Z,3.174,220.8,16.38,0.878,OK
M-107,2026-09-10T03:00:00Z,3.157,221,16.21,0.881,OK
M-107,2026-09-10T04:00:00Z,3.134,218.7,16.2,0.885,OK
M-107,2026-09-10T05:00:00Z,3.148,219,16.19,0.888,OK
M-107,2026-09-10T06:00:00Z,4.453,221.1,23,0.876,OK
M-107,2026-09-10T07:00:00Z,5.973,220.1,30.95,0.877,OK
M-107,2026-09-10T08:00:00Z,8.594,220.7,44.46,0.876,OK
M-107,2026-09-10T09:00:00Z,8.371,220.4,42.93,0.885,OK
M-107,2026-09-10T10:00:00Z,8.576,221.6,44.04,0.879,OK
M-107,2026-09-10T11:00:00Z,8.519,218.8,44.42,0.877,OK
M-107,2026-09-10T12:00:00Z,8.654,219.8,45.01,0.875,OK
M-107,2026-09-10T13:00:00Z,8.866,219.8,45.76,0.881,OK
M-107,2026-09-10T14:00:00Z,8.476,219.2,43.9,0.881,OK
M-107,2026-09-10T15:00:00Z,8.438,220,43.64,0.879,OK
M-107,2026-09-10T16:00:00Z,8.86,219.8,46.1,0.874,OK
M-107,2026-09-10T17:00:00Z,8.642,219.9,44.55,0.882,OK
M-107,2026-09-10T18:00:00Z,4.104,220.4,21.05,0.885,OK
M-107,2026-09-10T19:00:00Z,4.112,220,21.34,0.876,OK
M-107,2026-09-10T20:00:00Z,4.051,220.9,20.79,0.882,OK
M-107,2026-09-10T21:00:00Z,4.138,219.6,21.56,0.874,OK
M-107,2026-09-10T22:00:00Z,3.042,221,15.67,0.878,OK
M-107,2026-09-10T23:00:00Z,3.202,219.8,16.44,0.886,OK
M-107,2026-09-11T00:00:00Z,3.088,219,16.09,0.876,OK
M-107,2026-09-11T01:00:00Z,3.142,219.6,16.27,0.879,OK
M-107,2026-09-11T02:00:00Z,3.17,220.1,16.34,0.881,OK
M-107,2026-09-11T03:00:00Z,3.136,220.2,16.13,0.883,OK
M-107,2026-09-11T04:00:00Z,3.14,220.6,16.26,0.875,OK
M-107,2026-09-11T05:00:00Z,3.03,220.1,15.74,0.875,OK
M-107,2026-09-11T06:00:00Z,4.525,219,23.47,0.88,OK
M-107,2026-09-11T07:00:00Z,5.846,220.2,30.32,0.876,OK
M-107,2026-09-11T08:00:00Z,8.617,219.8,44.22,0.886,OK
M-107,2026-09-11T09:00:00Z,8.398,218.9,43.58,0.88,OK
M-107,2026-09-11T10:00:00Z,8.747,220.3,45.3,0.876,OK
M-107,2026-09-11T11:00:00Z,8.221,219.3,42.46,0.883,OK
M-107,2026-09-11T12:00:00Z,8.501,220.4,43.77,0.881,OK
M-107,2026-09-11T13:00:00Z,8.795,221.1,45.09,0.882,OK
M-107,2026-09-11T14:00:00Z,8.377,219.6,43.36,0.88,OK
M-107,2026-09-11T15:00:00Z,8.455,221.9,43.24,0.881,OK
M-107,2026-09-11T16:00:00Z,8.576,221.1,43.96,0.882,OK
M-107,2026-09-11T17:00:00Z,8.636,220.4,44.56,0.88,OK
M-107,2026-09-11T18:00:00Z,4.169,220.3,21.58,0.877,OK
M-107,2026-09-11T19:00:00Z,4.119,219.1,21.33,0.882,OK
M-107,2026-09-11T20:00:00Z,4.172,219.9,21.57,0.88,OK
M-107,2026-09-11T21:00:00Z,4.185,220.7,21.41,0.885,OK
M-107,2026-09-11T22:00:00Z,3.218,221.2,16.33,0.891,OK
M-107,2026-09-11T23:00:00Z,3.095,219.8,16.04,0.878,OK
M-107,2026-09-12T00:00:00Z,3.109,220.3,16.02,0.881,OK
M-107,2026-09-12T01:00:00Z,3.126,221.5,16.01,0.881,OK
M-107,2026-09-12T02:00:00Z,3.119,220,16.15,0.878,OK
M-107,2026-09-12T03:00:00Z,3.055,220.9,15.73,0.88,OK
M-107,2026-09-12T04:00:00Z,3.088,220.8,15.97,0.876,OK
M-107,2026-09-12T05:00:00Z,3.165,220.3,16.36,0.878,OK
M-107,2026-09-12T06:00:00Z,4.485,218.8,23.06,0.889,OK
M-107,2026-09-12T07:00:00Z,5.723,220.4,29.71,0.874,OK
M-107,2026-09-12T08:00:00Z,8.547,220.4,43.65,0.888,OK
M-107,2026-09-12T09:00:00Z,8.371,220.3,43.11,0.882,OK
M-107,2026-09-12T10:00:00Z,8.2,220.6,42.47,0.875,OK
M-107,2026-09-12T11:00:00Z,8.568,219.7,44.03,0.886,OK
M-107,2026-09-12T12:00:00Z,8.647,220.7,44.51,0.88,OK
M-107,2026-09-12T13:00:00Z,8.55,220,43.85,0.886,OK
M-107,2026-09-12T14:00:00Z,8.316,220.6,42.94,0.878,OK
M-107,2026-09-12T15:00:00Z,8.53,221.1,43.42,0.889,OK
M-107,2026-09-12T16:00:00Z,8.759,220.7,45.17,0.879,OK
M-107,2026-09-12T17:00:00Z,8.765,220.9,45.52,0.872,OK
M-107,2026-09-12T18:00:00Z,4.202,220.6,21.58,0.883,OK
M-107,2026-09-12T19:00:00Z,4.063,219.7,21.12,0.876,OK
M-107,2026-09-12T20:00:00Z,4.155,219.5,21.34,0.887,OK
M-107,2026-09-12T21:00:00Z,4.144,220.5,21.26,0.884,OK
M-107,2026-09-12T22:00:00Z,3.258,219.5,16.79,0.884,OK
M-107,2026-09-12T23:00:00Z,3.117,219.7,16.06,0.884,OK
M-107,2026-09-13T00:00:00Z,3.15,221.5,16.17,0.879,OK
M-107,2026-09-13T01:00:00Z,3.092,219.8,16,0.879,OK
M-107,2026-09-13T02:00:00Z,3.103,220.4,16.01,0.88,OK
M-107,2026-09-13T03:00:00Z,3.128,221.5,16.09,0.878,OK
M-107,2026-09-13T04:00:00Z,3.067,221.1,15.86,0.874,OK
M-107,2026-09-13T05:00:00Z,3.205,220.5,16.59,0.876,OK
M-107,2026-09-13T06:00:00Z,4.477,219.8,23.11,0.881,OK
M-107,2026-09-13T07:00:00Z,5.921,220.2,30.31,0.887,OK
M-107,2026-09-13T08:00:00Z,8.223,221,42.51,0.875,OK
M-107,2026-09-13T09:00:00Z,8.572,220.1,44.08,0.884,OK
M-107,2026-09-13T10:00:00Z,8.599,219.2,44.65,0.879,OK
M-107,2026-09-13T11:00:00Z,8.191,220.4,42.17,0.881,OK
M-107,2026-09-13T12:00:00Z,8.486,219.7,43.49,0.888,OK
M-107,2026-09-13T13:00:00Z,8.408,220.1,43.29,0.882,OK
M-107,2026-09-13T14:00:00Z,8.666,220.1,44.55,0.884,OK
M-107,2026-09-13T15:00:00Z,8.538,220.4,44.44,0.872,OK
M-107,2026-09-13T16:00:00Z,8.5,219.3,44.33,0.874,OK
M-107,2026-09-13T17:00:00Z,8.426,219.8,43.41,0.883,OK
M-107,2026-09-13T18:00:00Z,4.202,219,21.64,0.887,OK
M-107,2026-09-13T19:00:00Z,4.128,219,21.34,0.883,OK
M-107,2026-09-13T20:00:00Z,4.046,218.9,21.09,0.876,OK
M-107,2026-09-13T21:00:00Z,4.047,219.3,21.01,0.878,OK
M-107,2026-09-13T22:00:00Z,3.121,221.7,16.11,0.874,OK
M-107,2026-09-13T23:00:00Z,3.08,220.6,15.93,0.877,OK
M-107,2026-09-14T00:00:00Z,3.147,220,16.18,0.884,OK
M-107,2026-09-14T01:00:00Z,3.052,219.8,15.88,0.875,OK
M-107,2026-09-14T02:00:00Z,3.106,219,16.17,0.877,OK
M-107,2026-09-14T03:00:00Z,3.144,220.1,16.26,0.878,OK
M-107,2026-09-14T04:00:00Z,3.203,219.6,16.66,0.875,OK
M-107,2026-09-14T05:00:00Z,3.154,219.6,16.33,0.88,OK
M-107,2026-09-14T06:00:00Z,4.412,219.3,22.9,0.878,OK
M-107,2026-09-14T07:00:00Z,5.682,220.6,29.14,0.884,OK
M-107,2026-09-14T08:00:00Z,8.705,219.7,45.09,0.879,OK
M-107,2026-09-14T09:00:00Z,8.468,220,43.61,0.883,OK
M-107,2026-09-14T10:00:00Z,8.521,220.5,43.72,0.884,OK
M-107,2026-09-14T11:00:00Z,8.326,219.6,43.19,0.878,OK
M-107,2026-09-14T12:00:00Z,8.46,219.4,44.01,0.876,OK
M-107,2026-09-14T13:00:00Z,8.736,220.5,44.91,0.882,OK
M-107,2026-09-14T14:00:00Z,8.597,219.4,44.63,0.878,OK
M-107,2026-09-14T15:00:00Z,8.713,220.3,44.96,0.88,OK
M-107,2026-09-14T16:00:00Z,8.17,220.3,42.28,0.877,OK
M-107,2026-09-14T17:00:00Z,8.873,220.3,45.97,0.876,OK
M-107,2026-09-14T18:00:00Z,4.12,219.4,21.34,0.88,OK
M-107,2026-09-14T19:00:00Z,4.208,219.2,21.79,0.881,OK
M-107,2026-09-14T20:00:00Z,4.219,220.2,21.67,0.884,OK
M-107,2026-09-14T21:00:00Z,4.112,220.4,21.16,0.882,OK
M-107,2026-09-14T22:00:00Z,3.184,218.7,16.45,0.885,OK
M-107,2026-09-14T23:00:00Z,3.233,218.8,16.84,0.877,OK
M-108,2026-09-01T00:00:00Z,6.542,220.7,31.76,0.933,OK
M-108,2026-09-01T01:00:00Z,6.76,219.2,33.13,0.931,OK
M-108,2026-09-01T02:00:00Z,6.484,220.8,31.53,0.931,OK
M-108,2026-09-01T03:00:00Z,6.613,220,32.4,0.928,OK
M-108,2026-09-01T04:00:00Z,6.48,220.1,31.78,0.927,OK
M-108,2026-09-01T05:00:00Z,6.407,220.5,31.17,0.932,OK
M-108,2026-09-01T06:00:00Z,9.383,220.4,45.92,0.927,OK
M-108,2026-09-01T07:00:00Z,11.788,219.4,57.7,0.931,OK
M-108,2026-09-01T08:00:00Z,17.604,220.9,85.91,0.928,OK
M-108,2026-09-01T09:00:00Z,18.118,219.1,88.68,0.932,OK
M-108,2026-09-01T10:00:00Z,17.649,218.6,86.85,0.93,OK
M-108,2026-09-01T11:00:00Z,18.01,219.8,88.5,0.926,OK
M-108,2026-09-01T12:00:00Z,17.952,219.7,87.52,0.934,OK
M-108,2026-09-01T13:00:00Z,17.994,220.7,87.62,0.93,OK
M-108,2026-09-01T14:00:00Z,17.457,220.7,85.59,0.924,OK
M-108,2026-09-01T15:00:00Z,17.35,220.5,84.57,0.93,OK
M-108,2026-09-01T16:00:00Z,18.435,218.4,91.09,0.927,OK
M-108,2026-09-01T17:00:00Z,17.685,219.8,86.4,0.931,OK
M-108,2026-09-01T18:00:00Z,8.486,219.2,41.54,0.932,OK
M-108,2026-09-01T19:00:00Z,8.518,220.2,41.66,0.928,OK
M-108,2026-09-01T20:00:00Z,8.544,220,41.53,0.935,OK
M-108,2026-09-01T21:00:00Z,8.425,218.6,41.42,0.93,OK
M-108,2026-09-01T22:00:00Z,6.314,218.2,31.26,0.926,OK
M-108,2026-09-01T23:00:00Z,6.447,220.3,31.48,0.929,OK
M-108,2026-09-02T00:00:00Z,6.517,220.7,31.7,0.932,OK
M-108,2026-09-02T01:00:00Z,6.32,221.4,30.74,0.929,OK
M-108,2026-09-02T02:00:00Z,6.583,221.1,32.08,0.928,OK
M-108,2026-09-02T03:00:00Z,6.72,219.7,32.92,0.929,OK
M-108,2026-09-02T04:00:00Z,6.548,219.3,32.3,0.924,OK
M-108,2026-09-02T05:00:00Z,6.721,220.1,32.9,0.928,OK
M-108,2026-09-02T06:00:00Z,9.527,220.6,46.58,0.927,OK
M-108,2026-09-02T07:00:00Z,12.416,220.6,60.53,0.93,OK
M-108,2026-09-02T08:00:00Z,17.748,219.8,86.84,0.93,OK
M-108,2026-09-02T09:00:00Z,17.905,220.5,87.44,0.929,OK
M-108,2026-09-02T10:00:00Z,17.206,219.8,84.24,0.929,OK
M-108,2026-09-02T11:00:00Z,17.194,218.9,84.79,0.926,OK
M-108,2026-09-02T12:00:00Z,17.867,220.7,87.02,0.93,OK
M-108,2026-09-02T13:00:00Z,17.865,220.9,87.12,0.928,OK
M-108,2026-09-02T14:00:00Z,17.087,219.1,83.8,0.93,OK
M-108,2026-09-02T15:00:00Z,17.597,220.8,85.39,0.933,OK
M-108,2026-09-02T16:00:00Z,17.449,220.1,84.77,0.935,OK
M-108,2026-09-02T17:00:00Z,17.344,219.9,85.15,0.926,OK
M-108,2026-09-02T18:00:00Z,8.735,219.1,42.99,0.927,OK
M-108,2026-09-02T19:00:00Z,8.48,220.9,41.29,0.93,OK
M-108,2026-09-02T20:00:00Z,8.484,221.8,40.91,0.935,OK
M-108,2026-09-02T21:00:00Z,8.346,222.9,40.41,0.926,OK
M-108,2026-09-02T22:00:00Z,6.542,220.9,32.12,0.922,OK
M-108,2026-09-02T23:00:00Z,6.437,220.4,31.4,0.93,OK
M-108,2026-09-03T00:00:00Z,6.544,220.2,31.77,0.935,OK
M-108,2026-09-03T01:00:00Z,6.543,220,31.74,0.937,OK
M-108,2026-09-03T02:00:00Z,6.544,220.3,31.87,0.932,OK
M-108,2026-09-03T03:00:00Z,6.556,220.4,32.05,0.928,OK
M-108,2026-09-03T04:00:00Z,6.44,219.8,31.71,0.924,OK
M-108,2026-09-03T05:00:00Z,6.473,222.3,31.31,0.93,OK
M-108,2026-09-03T06:00:00Z,9.302,219,45.43,0.935,OK
M-108,2026-09-03T07:00:00Z,12.076,220.2,58.76,0.933,OK
M-108,2026-09-03T08:00:00Z,17.421,219.6,85.25,0.93,OK
M-108,2026-09-03T09:00:00Z,17.548,219.1,86.94,0.921,OK
M-108,2026-09-03T10:00:00Z,17.728,221.3,87.04,0.92,OK
M-108,2026-09-03T11:00:00Z,17.911,219.9,87.49,0.931,OK
M-108,2026-09-03T12:00:00Z,17.168,220.4,83.71,0.93,OK
M-108,2026-09-03T13:00:00Z,17.463,220.3,85.11,0.931,OK
M-108,2026-09-03T14:00:00Z,17.106,220,83.58,0.93,OK
M-108,2026-09-03T15:00:00Z,17.535,219.9,85.82,0.929,OK
M-108,2026-09-03T16:00:00Z,18.233,220.8,88.83,0.93,OK
M-108,2026-09-03T17:00:00Z,17.249,218.7,84.51,0.933,OK
M-108,2026-09-03T18:00:00Z,8.276,220.2,40.52,0.927,OK
M-108,2026-09-03T19:00:00Z,8.69,220.4,42.47,0.928,OK
M-108,2026-09-03T20:00:00Z,8.162,220.8,39.47,0.937,OK
M-108,2026-09-03T21:00:00Z,8.36,221,40.57,0.933,OK
M-108,2026-09-03T22:00:00Z,6.637,220.4,32.49,0.927,OK
M-108,2026-09-03T23:00:00Z,6.407,221.1,31.11,0.931,OK
M-108,2026-09-04T00:00:00Z,6.605,220.7,32.58,0.919,OK
M-108,2026-09-04T01:00:00Z,6.497,221.8,31.52,0.929,OK
M-108,2026-09-04T02:00:00Z,6.51,219.5,31.9,0.93,OK
M-108,2026-09-04T03:00:00Z,6.476,221.3,31.37,0.933,OK
M-108,2026-09-04T04:00:00Z,6.488,220.9,31.44,0.934,OK
M-108,2026-09-04T05:00:00Z,6.376,220.9,30.8,0.937,OK
M-108,2026-09-04T06:00:00Z,9.402,219.5,46.17,0.928,OK
M-108,2026-09-04T07:00:00Z,12.232,219.7,59.73,0.932,OK
M-108,2026-09-04T08:00:00Z,17.555,219,85.98,0.932,OK
M-108,2026-09-04T09:00:00Z,17.743,220.1,86.27,0.934,OK
M-108,2026-09-04T10:00:00Z,17.359,219.7,84.77,0.932,OK
M-108,2026-09-04T11:00:00Z,17.805,219.7,87.27,0.929,OK
M-108,2026-09-04T12:00:00Z,17.553,220.5,85.55,0.931,OK
M-108,2026-09-04T13:00:00Z,17.83,219.7,87.38,0.929,OK
M-108,2026-09-04T14:00:00Z,17.718,220.2,86.64,0.929,OK
M-108,2026-09-04T15:00:00Z,16.848,220.7,82.05,0.93,OK
M-108,2026-09-04T16:00:00Z,18.341,220.3,89.28,0.933,OK
M-108,2026-09-04T17:00:00Z,17.75,218.7,87.56,0.927,OK
M-108,2026-09-04T18:00:00Z,8.503,220.4,41.22,0.936,OK
M-108,2026-09-04T19:00:00Z,8.636,219.6,42.5,0.925,OK
M-108,2026-09-04T20:00:00Z,8.79,218.7,43.2,0.93,OK
M-108,2026-09-04T21:00:00Z,8.332,220.1,40.7,0.93,OK
M-108,2026-09-04T22:00:00Z,6.413,219.7,31.49,0.927,OK
M-108,2026-09-04T23:00:00Z,6.424,220.3,31.51,0.926,OK
M-108,2026-09-05T00:00:00Z,6.43,220,31.37,0.932,OK
M-108,2026-09-05T01:00:00Z,6.465,219.7,31.6,0.931,OK
M-108,2026-09-05T02:00:00Z,6.57,219.8,32.28,0.926,OK
M-108,2026-09-05T03:00:00Z,6.515,219.5,31.97,0.928,OK
M-108,2026-09-05T04:00:00Z,6.539,219.9,31.98,0.93,OK
M-108,2026-09-05T05:00:00Z,6.474,221.2,31.6,0.926,OK
M-108,2026-09-05T06:00:00Z,9.108,222,43.82,0.936,OK
M-108,2026-09-05T07:00:00Z,12.163,220,59.46,0.93,OK
M-108,2026-09-05T08:00:00Z,17.473,219.7,85.24,0.933,OK
M-108,2026-09-05T09:00:00Z,17.546,221.1,85.33,0.93,OK
M-108,2026-09-05T10:00:00Z,17.424,221.4,84.55,0.931,OK
M-108,2026-09-05T11:00:00Z,16.704,220.2,81.24,0.934,OK
M-108,2026-09-05T12:00:00Z,17.447,219.9,86.15,0.921,OK
M-108,2026-09-05T13:00:00Z,17.723,221.4,86.3,0.928,OK
M-108,2026-09-05T14:00:00Z,17.744,219.7,86.97,0.929,OK
M-108,2026-09-05T15:00:00Z,17.662,219.9,85.87,0.936,OK
M-108,2026-09-05T16:00:00Z,17.999,219.9,88.35,0.926,OK
M-108,2026-09-05T17:00:00Z,18.087,220.7,87.85,0.933,OK
M-108,2026-09-05T18:00:00Z,8.582,219.6,41.78,0.935,OK
M-108,2026-09-05T19:00:00Z,8.414,220.6,40.78,0.935,OK
M-108,2026-09-05T20:00:00Z,8.547,220.5,41.59,0.932,OK
M-108,2026-09-05T21:00:00Z,8.465,219,41.64,0.928,OK
M-108,2026-09-05T22:00:00Z,6.096,220.5,29.81,0.927,OK
M-108,2026-09-05T23:00:00Z,6.559,220.9,31.75,0.935,OK
M-108,2026-09-06T00:00:00Z,6.73,221.8,32.61,0.931,OK
M-108,2026-09-06T01:00:00Z,6.368,219.2,31.05,0.936,OK
M-108,2026-09-06T02:00:00Z,6.299,220.1,30.74,0.931,OK
M-108,2026-09-06T03:00:00Z,6.623,219.5,32.2,0.937,OK
M-108,2026-09-06T04:00:00Z,6.334,219.8,30.91,0.933,OK
M-108,2026-09-06T05:00:00Z,6.41,221.1,31.33,0.925,OK
M-108,2026-09-06T06:00:00Z,9.055,220.6,44.3,0.927,OK
M-108,2026-09-06T07:00:00Z,11.792,220.4,57.11,0.937,OK
M-108,2026-09-06T08:00:00Z,17.256,219.4,84.63,0.929,OK
M-108,2026-09-06T09:00:00Z,17.517,219.4,85.81,0.93,OK
M-108,2026-09-06T10:00:00Z,17.82,220.6,86.85,0.93,OK
M-108,2026-09-06T11:00:00Z,17.978,219.4,87.95,0.932,OK
M-108,2026-09-06T12:00:00Z,17.661,219.8,86.85,0.925,OK
M-108,2026-09-06T13:00:00Z,17.184,221.3,83.45,0.93,OK
M-108,2026-09-06T14:00:00Z,17.244,220.2,84.57,0.926,OK
M-108,2026-09-06T15:00:00Z,17.591,219.6,85.7,0.934,OK
M-108,2026-09-06T16:00:00Z,17.575,220.4,85.48,0.933,OK
M-108,2026-09-06T17:00:00Z,17.606,221.1,85.66,0.929,OK
M-108,2026-09-06T18:00:00Z,8.505,220.2,41.44,0.932,OK
M-108,2026-09-06T19:00:00Z,8.227,219.5,40.47,0.926,OK
M-108,2026-09-06T20:00:00Z,8.569,219.8,41.85,0.932,OK
M-108,2026-09-06T21:00:00Z,8.749,219.5,42.81,0.931,OK
M-108,2026-09-06T22:00:00Z,6.353,219.7,30.97,0.934,OK
M-108,2026-09-06T23:00:00Z,6.54,221.2,31.63,0.935,OK
M-108,2026-09-07T00:00:00Z,6.438,220,31.69,0.923,OK
M-108,2026-09-07T01:00:00Z,6.557,219.8,31.97,0.933,OK
M-108,2026-09-07T02:00:00Z,6.386,219.7,31.17,0.933,OK
M-108,2026-09-07T03:00:00Z,6.259,220.8,30.39,0.933,OK
M-108,2026-09-07T04:00:00Z,6.253,218.7,30.92,0.925,OK
M-108,2026-09-07T05:00:00Z,6.331,219.3,30.96,0.933,OK
M-108,2026-09-07T06:00:00Z,9.151,219.4,44.86,0.93,OK
M-108,2026-09-07T07:00:00Z,11.755,220.6,56.81,0.938,OK
M-108,2026-09-07T08:00:00Z,17.97,219,87.89,0.933,OK
M-108,2026-09-07T09:00:00Z,17.552,219.8,86.43,0.924,OK
M-108,2026-09-07T10:00:00Z,17.97,220,87.66,0.932,OK
M-108,2026-09-07T11:00:00Z,17.693,220.1,87,0.924,OK
M-108,2026-09-07T12:00:00Z,17.602,219.8,86.52,0.926,OK
M-108,2026-09-07T13:00:00Z,17.265,220.5,84.51,0.926,OK
M-108,2026-09-07T14:00:00Z,17.477,220.1,85.89,0.925,OK
M-108,2026-09-07T15:00:00Z,17.661,219.1,86.65,0.93,OK
M-108,2026-09-07T16:00:00Z,17.24,221,84.34,0.925,OK
M-108,2026-09-07T17:00:00Z,17.878,219.6,87.87,0.927,OK
M-108,2026-09-07T18:00:00Z,8.404,220.2,41.23,0.926,OK
M-108,2026-09-07T19:00:00Z,8.417,220.6,40.81,0.935,OK
M-108,2026-09-07T20:00:00Z,8.727,219.6,42.77,0.929,OK
M-108,2026-09-07T21:00:00Z,8.194,220.9,39.47,0.94,OK
M-108,2026-09-07T22:00:00Z,6.506,220,31.63,0.935,OK
M-108,2026-09-07T23:00:00Z,6.496,219.2,31.8,0.932,OK
M-108,2026-09-08T00:00:00Z,6.629,219.5,32.37,0.933,OK
M-108,2026-09-08T01:00:00Z,6.588,220.1,32.33,0.926,OK
M-108,2026-09-08T02:00:00Z,6.846,218.9,33.65,0.93,OK
M-108,2026-09-08T03:00:00Z,6.645,220.4,32.46,0.929,OK
M-108,2026-09-08T04:00:00Z,6.328,219.3,31.11,0.927,OK
M-108,2026-09-08T05:00:00Z,6.817,220.6,33.31,0.928,OK
M-108,2026-09-08T06:00:00Z,9.49,219.7,46.78,0.923,OK
M-108,2026-09-08T07:00:00Z,12.327,219.3,60.54,0.929,OK
M-108,2026-09-08T08:00:00Z,18.475,220.8,90.11,0.929,OK
M-108,2026-09-08T09:00:00Z,18.729,219.2,92.3,0.926,OK
M-108,2026-09-08T10:00:00Z,18.155,219.8,88.75,0.931,OK
M-108,2026-09-08T11:00:00Z,18.716,219,91.58,0.933,OK
M-108,2026-09-08T12:00:00Z,18.143,219.3,88.96,0.93,OK
M-108,2026-09-08T13:00:00Z,18.56,220.8,90.36,0.93,OK
M-108,2026-09-08T14:00:00Z,17.937,219.8,87.81,0.929,OK
M-108,2026-09-08T15:00:00Z,17.762,220.1,86.7,0.931,OK
M-108,2026-09-08T16:00:00Z,17.74,218.6,87.53,0.927,OK
M-108,2026-09-08T17:00:00Z,18.316,220,89.34,0.932,OK
M-108,2026-09-08T18:00:00Z,9.217,219.7,45.04,0.931,OK
M-108,2026-09-08T19:00:00Z,8.869,219.5,43.49,0.929,OK
M-108,2026-09-08T20:00:00Z,8.989,221.2,43.44,0.935,OK
M-108,2026-09-08T21:00:00Z,8.904,220,43.68,0.927,OK
M-108,2026-09-08T22:00:00Z,6.689,219,32.64,0.936,OK
M-108,2026-09-08T23:00:00Z,6.661,219.9,32.36,0.936,OK
M-108,2026-09-09T00:00:00Z,6.678,220.6,32.73,0.925,OK
M-108,2026-09-09T01:00:00Z,6.825,220.9,32.9,0.939,OK
M-108,2026-09-09T02:00:00Z,6.828,219.2,33.77,0.922,OK
M-108,2026-09-09T03:00:00Z,6.703,220.4,32.78,0.928,OK
M-108,2026-09-09T04:00:00Z,6.725,219.5,33.1,0.926,OK
M-108,2026-09-09T05:00:00Z,6.699,220.9,32.67,0.928,OK
M-108,2026-09-09T06:00:00Z,9.783,220.2,47.77,0.93,OK
M-108,2026-09-09T07:00:00Z,12.206,220.6,59.44,0.931,OK
M-108,2026-09-09T08:00:00Z,18.187,220.4,88.7,0.93,OK
M-108,2026-09-09T09:00:00Z,17.855,219.9,87.2,0.931,OK
M-108,2026-09-09T10:00:00Z,18.466,220.6,89.71,0.933,OK
M-108,2026-09-09T11:00:00Z,18.328,218.9,90.67,0.923,OK
M-108,2026-09-09T12:00:00Z,18.14,218.6,88.55,0.937,OK
M-108,2026-09-09T13:00:00Z,17.75,220.7,86.41,0.931,OK
M-108,2026-09-09T14:00:00Z,18.293,219.2,90.21,0.925,OK
M-108,2026-09-09T15:00:00Z,17.602,220.5,86.07,0.928,OK
M-108,2026-09-09T16:00:00Z,17.889,219.3,87.65,0.931,OK
M-108,2026-09-09T17:00:00Z,18.482,220.2,89.8,0.935,OK
M-108,2026-09-09T18:00:00Z,8.531,219.5,41.59,0.934,OK
M-108,2026-09-09T19:00:00Z,8.691,220.5,42.2,0.934,OK
M-108,2026-09-09T20:00:00Z,8.866,219.6,43.69,0.924,OK
M-108,2026-09-09T21:00:00Z,8.566,219.8,42.01,0.928,OK
M-108,2026-09-09T22:00:00Z,6.697,218.8,32.86,0.932,OK
M-108,2026-09-09T23:00:00Z,6.887,220.5,33.58,0.93,OK
M-108,2026-09-10T00:00:00Z,6.777,219.5,33.09,0.933,OK
M-108,2026-09-10T01:00:00Z,6.715,221.2,32.63,0.93,OK
M-108,2026-09-10T02:00:00Z,6.882,218.9,33.88,0.928,OK
M-108,2026-09-10T03:00:00Z,6.687,220.4,32.49,0.934,OK
M-108,2026-09-10T04:00:00Z,6.563,220,32.13,0.928,OK
M-108,2026-09-10T05:00:00Z,6.777,218.9,33.3,0.93,OK
M-108,2026-09-10T06:00:00Z,9.492,219.6,46.25,0.935,OK
M-108,2026-09-10T07:00:00Z,12.587,219.4,62.14,0.923,OK
M-108,2026-09-10T08:00:00Z,17.831,220,87.48,0.926,OK
M-108,2026-09-10T09:00:00Z,18.209,219.1,89.98,0.924,OK
M-108,2026-09-10T10:00:00Z,18.462,219.8,89.61,0.937,OK
M-108,2026-09-10T11:00:00Z,18.206,218.7,89.76,0.928,OK
M-108,2026-09-10T12:00:00Z,17.921,219.8,87.6,0.931,OK
M-108,2026-09-10T13:00:00Z,18.489,220.4,90.75,0.925,OK
M-108,2026-09-10T14:00:00Z,18.762,218,92.73,0.928,OK
M-108,2026-09-10T15:00:00Z,18.704,219.1,91.63,0.931,OK
M-108,2026-09-10T16:00:00Z,17.903,219.6,87.91,0.927,OK
M-108,2026-09-10T17:00:00Z,18.252,219.2,89.27,0.933,OK
M-108,2026-09-10T18:00:00Z,8.904,219,43.59,0.933,OK
M-108,2026-09-10T19:00:00Z,8.945,220.1,43.76,0.929,OK
M-108,2026-09-10T20:00:00Z,9.223,221.2,45.13,0.924,OK
M-108,2026-09-10T21:00:00Z,8.679,219.6,42.51,0.93,OK
M-108,2026-09-10T22:00:00Z,6.637,221,32.4,0.927,OK
M-108,2026-09-10T23:00:00Z,6.394,219.6,31.23,0.932,OK
M-108,2026-09-11T00:00:00Z,6.95,220.2,33.96,0.929,OK
M-108,2026-09-11T01:00:00Z,6.748,220.6,33.09,0.925,OK
M-108,2026-09-11T02:00:00Z,6.628,220.9,32.44,0.925,OK
M-108,2026-09-11T03:00:00Z,6.738,219.7,32.91,0.932,OK
M-108,2026-09-11T04:00:00Z,6.699,220.3,32.56,0.934,OK
M-108,2026-09-11T05:00:00Z,6.754,220.4,33,0.929,OK
M-108,2026-09-11T06:00:00Z,9.702,219.6,47.7,0.926,OK
M-108,2026-09-11T07:00:00Z,12.699,220.5,61.81,0.932,OK
M-108,2026-09-11T08:00:00Z,18.161,219.8,88.76,0.931,OK
M-108,2026-09-11T09:00:00Z,17.848,220.9,87.53,0.923,OK
M-108,2026-09-11T10:00:00Z,18.198,219.9,88.82,0.932,OK
M-108,2026-09-11T11:00:00Z,18.626,218.7,91.13,0.934,OK
M-108,2026-09-11T12:00:00Z,18.599,219.5,91.28,0.928,OK
M-108,2026-09-11T13:00:00Z,17.846,220,87.85,0.923,OK
M-108,2026-09-11T14:00:00Z,18.093,220.4,88.64,0.926,OK
M-108,2026-09-11T15:00:00Z,18.702,221.7,90.21,0.935,OK
M-108,2026-09-11T16:00:00Z,18.512,219.3,90.64,0.931,OK
M-108,2026-09-11T17:00:00Z,17.738,219.9,86.46,0.933,OK
M-108,2026-09-11T18:00:00Z,8.847,220,43.27,0.929,OK
M-108,2026-09-11T19:00:00Z,8.881,220.2,43.38,0.93,OK
M-108,2026-09-11T20:00:00Z,9.033,221.5,43.83,0.931,OK
M-108,2026-09-11T21:00:00Z,8.855,220,42.84,0.939,OK
M-108,2026-09-11T22:00:00Z,6.517,220,32.03,0.925,OK
M-108,2026-09-11T23:00:00Z,6.595,218.7,32.4,0.931,OK
M-108,2026-09-12T00:00:00Z,6.621,219.8,32.63,0.923,OK
M-108,2026-09-12T01:00:00Z,6.506,220.6,31.77,0.928,OK
M-108,2026-09-12T02:00:00Z,6.771,219.3,33.32,0.927,OK
M-108,2026-09-12T03:00:00Z,6.836,220.8,33.39,0.927,OK
M-108,2026-09-12T04:00:00Z,6.644,219.4,32.56,0.93,OK
M-108,2026-09-12T05:00:00Z,6.609,221.8,32.04,0.93,OK
M-108,2026-09-12T06:00:00Z,9.505,218.1,46.84,0.931,OK
M-108,2026-09-12T07:00:00Z,12.702,221.2,61.68,0.931,OK
M-108,2026-09-12T08:00:00Z,18.244,219.7,89.88,0.924,OK
M-108,2026-09-12T09:00:00Z,18.016,217.6,88.3,0.938,OK
M-108,2026-09-12T10:00:00Z,18.639,221,90.35,0.934,OK
M-108,2026-09-12T11:00:00Z,18.279,219.4,90.19,0.924,OK
M-108,2026-09-12T12:00:00Z,18.455,220.3,89.49,0.936,OK
M-108,2026-09-12T13:00:00Z,18.082,220.6,87.68,0.935,OK
M-108,2026-09-12T14:00:00Z,17.945,220.5,87.71,0.928,OK
M-108,2026-09-12T15:00:00Z,17.865,219.9,87.3,0.931,OK
M-108,2026-09-12T16:00:00Z,17.861,220.2,87.73,0.924,OK
M-108,2026-09-12T17:00:00Z,17.648,219,86.72,0.929,OK
M-108,2026-09-12T18:00:00Z,8.849,220,43.14,0.932,OK
M-108,2026-09-12T19:00:00Z,9.021,220.4,43.83,0.934,OK
M-108,2026-09-12T20:00:00Z,8.756,219,43.2,0.925,OK
M-108,2026-09-12T21:00:00Z,8.753,218.9,42.97,0.931,OK
M-108,2026-09-12T22:00:00Z,6.563,219.9,31.97,0.934,OK
M-108,2026-09-12T23:00:00Z,6.76,220.1,33.36,0.921,OK
M-108,2026-09-13T00:00:00Z,6.737,219.8,33.03,0.928,OK
M-108,2026-09-13T01:00:00Z,6.733,220.3,32.73,0.933,OK
M-108,2026-09-13T02:00:00Z,6.911,218.3,34.04,0.93,OK
M-108,2026-09-13T03:00:00Z,6.606,219.3,32.22,0.935,OK
M-108,2026-09-13T04:00:00Z,6.643,221.3,32.23,0.931,OK
M-108,2026-09-13T05:00:00Z,6.888,219.6,33.79,0.928,OK
M-108,2026-09-13T06:00:00Z,9.729,219.6,47.78,0.927,OK
M-108,2026-09-13T07:00:00Z,12.652,219.3,62.24,0.927,OK
M-108,2026-09-13T08:00:00Z,18.248,221,89.27,0.925,OK
M-108,2026-09-13T09:00:00Z,18.928,220.9,91.9,0.932,OK
M-108,2026-09-13T10:00:00Z,18.409,220.6,90.56,0.921,OK
M-108,2026-09-13T11:00:00Z,18.712,219.3,91.54,0.932,OK
M-108,2026-09-13T12:00:00Z,18.267,220.5,89.17,0.929,OK
M-108,2026-09-13T13:00:00Z,18.121,220.7,87.87,0.934,OK
M-108,2026-09-13T14:00:00Z,17.555,220.1,85.44,0.933,OK
M-108,2026-09-13T15:00:00Z,17.447,220.5,85.1,0.93,OK
M-108,2026-09-13T16:00:00Z,17.842,218.7,87.33,0.934,OK
M-108,2026-09-13T17:00:00Z,18.112,221.4,87.33,0.937,OK
M-108,2026-09-13T18:00:00Z,8.791,220,43.21,0.925,OK
M-108,2026-09-13T19:00:00Z,8.843,219.7,43.21,0.931,OK
M-108,2026-09-13T20:00:00Z,8.834,221.2,42.69,0.935,OK
M-108,2026-09-13T21:00:00Z,8.907,219.9,43.51,0.931,OK
M-108,2026-09-13T22:00:00Z,6.733,220.3,32.83,0.931,OK
M-108,2026-09-13T23:00:00Z,6.953,219.9,33.67,0.939,OK
M-108,2026-09-14T00:00:00Z,6.762,219.5,33.13,0.93,OK
M-108,2026-09-14T01:00:00Z,6.716,219.7,32.99,0.927,OK
M-108,2026-09-14T02:00:00Z,6.835,219.1,33.52,0.931,OK
M-108,2026-09-14T03:00:00Z,6.755,220.1,32.86,0.934,OK
M-108,2026-09-14T04:00:00Z,6.739,219.1,33.16,0.928,OK
M-108,2026-09-14T05:00:00Z,6.723,219.6,33.12,0.924,OK
M-108,2026-09-14T06:00:00Z,9.658,220.8,46.82,0.934,OK
M-108,2026-09-14T07:00:00Z,12.497,220,61.09,0.93,OK
M-108,2026-09-14T08:00:00Z,18.144,219.6,89.01,0.928,OK
M-108,2026-09-14T09:00:00Z,17.996,220.3,87.95,0.929,OK
M-108,2026-09-14T10:00:00Z,18.33,219.8,89.03,0.937,OK
M-108,2026-09-14T11:00:00Z,18.271,220.2,88.93,0.933,OK
M-108,2026-09-14T12:00:00Z,18.617,220.1,90.7,0.933,OK
M-108,2026-09-14T13:00:00Z,17.982,220.2,87.5,0.933,OK
M-108,2026-09-14T14:00:00Z,17.973,220.1,87.83,0.93,OK
M-108,2026-09-14T15:00:00Z,18.062,220.8,88.89,0.92,OK
M-108,2026-09-14T16:00:00Z,18.374,219.3,89.54,0.936,OK
M-108,2026-09-14T17:00:00Z,18.539,220.7,89.91,0.934,OK
M-108,2026-09-14T18:00:00Z,8.733,220.5,42.29,0.937,OK
M-108,2026-09-14T19:00:00Z,9.059,219.9,44.18,0.932,OK
M-108,2026-09-14T20:00:00Z,9.082,220.2,44.63,0.924,OK
M-108,2026-09-14T21:00:00Z,8.781,220,42.6,0.937,OK
M-108,2026-09-14T22:00:00Z,6.554,220.6,32.11,0.925,OK
M-108,2026-09-14T23:00:00Z,6.645,219.8,32.64,0.926,OK
M-109,2026-09-01T00:00:00Z,3.575,220.5,17.39,0.933,OK
M-109,2026-09-01T01:00:00Z,3.527,220.3,17.19,0.932,OK
M-109,2026-09-01T02:00:00Z,3.478,220.7,16.85,0.935,OK
M-109,2026-09-01T03:00:00Z,3.604,219.1,17.57,0.936,OK
M-109,2026-09-01T04:00:00Z,3.493,219.7,17.1,0.929,OK
M-109,2026-09-01T05:00:00Z,3.443,220,16.84,0.929,OK
M-109,2026-09-01T06:00:00Z,5.015,219.7,24.58,0.929,OK
M-109,2026-09-01T07:00:00Z,6.416,221.1,31.09,0.933,OK
M-109,2026-09-01T08:00:00Z,9.531,220.6,46.42,0.931,OK
M-109,2026-09-01T09:00:00Z,9.772,220.4,47.66,0.93,OK
M-109,2026-09-01T10:00:00Z,9.523,220.8,46.5,0.927,OK
M-109,2026-09-01T11:00:00Z,9.277,218.6,45.68,0.929,OK
M-109,2026-09-01T12:00:00Z,9.442,220.5,45.98,0.931,OK
M-109,2026-09-01T13:00:00Z,9.424,219.3,46.11,0.932,OK
M-109,2026-09-01T14:00:00Z,9.614,219.8,47.12,0.928,OK
M-109,2026-09-01T15:00:00Z,9.009,219.7,44.38,0.924,OK
M-109,2026-09-01T16:00:00Z,9.653,220.9,46.54,0.939,OK
M-109,2026-09-01T17:00:00Z,9.25,220,45.19,0.931,OK
M-109,2026-09-01T18:00:00Z,4.595,220,22.46,0.93,OK
M-109,2026-09-01T19:00:00Z,4.716,221.5,22.77,0.935,OK
M-109,2026-09-01T20:00:00Z,4.644,218.8,22.75,0.933,OK
M-109,2026-09-01T21:00:00Z,4.745,220.1,23.17,0.93,OK
M-109,2026-09-01T22:00:00Z,3.637,221,17.82,0.924,OK
M-109,2026-09-01T23:00:00Z,3.53,221,17.17,0.931,OK
M-109,2026-09-02T00:00:00Z,3.517,220.6,17.17,0.928,OK
M-109,2026-09-02T01:00:00Z,3.379,219.7,16.51,0.931,OK
M-109,2026-09-02T02:00:00Z,3.571,219.8,17.47,0.93,OK
M-109,2026-09-02T03:00:00Z,3.501,220.6,17.15,0.926,OK
M-109,2026-09-02T04:00:00Z,3.464,220.7,16.9,0.929,OK
M-109,2026-09-02T05:00:00Z,3.565,220.2,17.38,0.932,OK
M-109,2026-09-02T06:00:00Z,5.171,221,25.24,0.927,OK
M-109,2026-09-02T07:00:00Z,6.683,221.5,32.43,0.93,OK
M-109,2026-09-02T08:00:00Z,9.376,219.1,45.93,0.932,OK
M-109,2026-09-02T09:00:00Z,9.797,219.8,47.74,0.934,OK
M-109,2026-09-02T10:00:00Z,9.741,219.2,47.62,0.933,OK
M-109,2026-09-02T11:00:00Z,9.028,220.1,43.89,0.934,OK
M-109,2026-09-02T12:00:00Z,9.702,220.6,47.31,0.93,OK
M-109,2026-09-02T13:00:00Z,9.19,220.6,44.88,0.928,OK
M-109,2026-09-02T14:00:00Z,9.426,220.4,46.03,0.929,OK
M-109,2026-09-02T15:00:00Z,9.651,220.6,47.09,0.929,OK
M-109,2026-09-02T16:00:00Z,9.87,219.5,48.18,0.933,OK
M-109,2026-09-02T17:00:00Z,9.239,219.3,45.48,0.926,OK
M-109,2026-09-02T18:00:00Z,4.425,220,21.75,0.925,OK
M-109,2026-09-02T19:00:00Z,4.555,219.1,22.4,0.928,OK
M-109,2026-09-02T20:00:00Z,4.489,219.7,21.98,0.929,OK
M-109,2026-09-02T21:00:00Z,4.562,219.3,22.57,0.922,OK
M-109,2026-09-02T22:00:00Z,3.451,219.1,17.03,0.925,OK
M-109,2026-09-02T23:00:00Z,3.526,220.6,17.1,0.935,OK
M-109,2026-09-03T00:00:00Z,3.47,220.3,16.94,0.93,OK
M-109,2026-09-03T01:00:00Z,3.58,221.4,17.54,0.922,OK
M-109,2026-09-03T02:00:00Z,3.543,220.8,17.29,0.928,OK
M-109,2026-09-03T03:00:00Z,3.476,220.8,16.92,0.93,OK
M-109,2026-09-03T04:00:00Z,3.348,220,16.31,0.933,OK
M-109,2026-09-03T05:00:00Z,3.478,220.8,16.79,0.938,OK
M-109,2026-09-03T06:00:00Z,5.015,220.7,24.54,0.926,OK
M-109,2026-09-03T07:00:00Z,6.581,220.4,32.04,0.932,OK
M-109,2026-09-03T08:00:00Z,9.562,219.8,46.69,0.931,OK
M-109,2026-09-03T09:00:00Z,9.718,220.3,47.67,0.925,OK
M-109,2026-09-03T10:00:00Z,9.418,220.4,46.05,0.928,OK
M-109,2026-09-03T11:00:00Z,9.671,220.4,47.37,0.927,OK
M-109,2026-09-03T12:00:00Z,9.735,219.7,47.68,0.929,OK
M-109,2026-09-03T13:00:00Z,9.4,218.9,46.21,0.929,OK
M-109,2026-09-03T14:00:00Z,9.419,219.8,46.09,0.93,OK
M-109,2026-09-03T15:00:00Z,9.696,220.4,47.44,0.927,OK
M-109,2026-09-03T16:00:00Z,9.502,219.5,46.65,0.928,OK
M-109,2026-09-03T17:00:00Z,9.405,219.4,45.64,0.939,OK
M-109,2026-09-03T18:00:00Z,4.549,219.9,22.24,0.93,OK
M-109,2026-09-03T19:00:00Z,4.664,220.3,22.67,0.934,OK
M-109,2026-09-03T20:00:00Z,4.657,220.7,22.67,0.931,OK
M-109,2026-09-03T21:00:00Z,4.634,219.8,22.74,0.927,OK
M-109,2026-09-03T22:00:00Z,3.454,221,16.7,0.936,OK
M-109,2026-09-03T23:00:00Z,3.53,220.5,17.29,0.926,OK
M-109,2026-09-04T00:00:00Z,3.482,219.6,17.05,0.93,OK
M-109,2026-09-04T01:00:00Z,3.485,219.8,17.05,0.93,OK
M-109,2026-09-04T02:00:00Z,3.538,219.3,17.31,0.932,OK
M-109,2026-09-04T03:00:00Z,3.57,219.1,17.53,0.93,OK
M-109,2026-09-04T04:00:00Z,3.476,219.8,17.02,0.929,OK
M-109,2026-09-04T05:00:00Z,3.419,221.7,16.51,0.934,OK
M-109,2026-09-04T06:00:00Z,4.998,219.6,24.42,0.932,OK
M-109,2026-09-04T07:00:00Z,6.161,219.6,30.2,0.929,OK
M-109,2026-09-04T08:00:00Z,9.462,220.5,46.16,0.93,OK
M-109,2026-09-04T09:00:00Z,9.12,220.6,44.59,0.927,OK
M-109,2026-09-04T10:00:00Z,9.333,219,46.02,0.926,OK
M-109,2026-09-04T11:00:00Z,9.428,221,45.62,0.935,OK
M-109,2026-09-04T12:00:00Z,9.527,219.5,46.82,0.927,OK
M-109,2026-09-04T13:00:00Z,9.537,220.8,46.5,0.929,OK
M-109,2026-09-04T14:00:00Z,9.274,221,45.01,0.933,OK
M-109,2026-09-04T15:00:00Z,9.464,220.3,46.2,0.93,OK
M-109,2026-09-04T16:00:00Z,9.925,219.7,48.93,0.923,OK
M-109,2026-09-04T17:00:00Z,9.223,221.8,44.74,0.929,OK
M-109,2026-09-04T18:00:00Z,4.608,221.9,22.37,0.928,OK
M-109,2026-09-04T19:00:00Z,4.718,221.6,23.03,0.925,OK
M-109,2026-09-04T20:00:00Z,4.417,219.2,21.7,0.928,OK
M-109,2026-09-04T21:00:00Z,4.632,220.9,22.58,0.929,OK
M-109,2026-09-04T22:00:00Z,3.331,219.3,16.43,0.924,OK
M-109,2026-09-04T23:00:00Z,3.549,220.5,17.3,0.93,OK
M-109,2026-09-05T00:00:00Z,3.508,219.6,17.28,0.924,OK
M-109,2026-09-05T01:00:00Z,3.597,218.8,17.64,0.932,OK
M-109,2026-09-05T02:00:00Z,3.568,221.6,17.19,0.937,OK
M-109,2026-09-05T03:00:00Z,3.547,220.2,17.29,0.932,OK
M-109,2026-09-05T04:00:00Z,3.475,220.5,17.01,0.926,OK
M-109,2026-09-05T05:00:00Z,3.43,220.6,16.57,0.938,OK
M-109,2026-09-05T06:00:00Z,4.938,219.5,24.11,0.933,OK
M-109,2026-09-05T07:00:00Z,6.596,220.6,32.25,0.927,OK
M-109,2026-09-05T08:00:00Z,9.131,220.7,44.61,0.927,OK
M-109,2026-09-05T09:00:00Z,9.449,219.7,46.12,0.933,OK
M-109,2026-09-05T10:00:00Z,9.504,219.4,46.43,0.933,OK
M-109,2026-09-05T11:00:00Z,9.382,220.1,46.01,0.927,OK
M-109,2026-09-05T12:00:00Z,9.896,219.4,48.11,0.937,OK
M-109,2026-09-05T13:00:00Z,9.33,219.9,45.48,0.933,OK
M-109,2026-09-05T14:00:00Z,9.443,220.1,46.21,0.928,OK
M-109,2026-09-05T15:00:00Z,9.389,219.1,46.07,0.93,OK
M-109,2026-09-05T16:00:00Z,9.412,219.5,46.52,0.922,OK
M-109,2026-09-05T17:00:00Z,10.03,220.5,49.07,0.927,OK
M-109,2026-09-05T18:00:00Z,4.621,220.1,22.64,0.927,OK
M-109,2026-09-05T19:00:00Z,4.641,220.7,22.62,0.93,OK
M-109,2026-09-05T20:00:00Z,4.75,220.2,23.41,0.922,OK
M-109,2026-09-05T21:00:00Z,4.753,219.8,23.31,0.928,OK
M-109,2026-09-05T22:00:00Z,3.497,220,17.17,0.926,OK
M-109,2026-09-05T23:00:00Z,3.462,219.1,17.03,0.928,OK
M-109,2026-09-06T00:00:00Z,3.42,219,16.76,0.932,OK
M-109,2026-09-06T01:00:00Z,3.504,219.2,17.2,0.93,OK
M-109,2026-09-06T02:00:00Z,3.44,219.7,16.91,0.926,OK
M-109,2026-09-06T03:00:00Z,3.451,220.5,16.9,0.926,OK
M-109,2026-09-06T04:00:00Z,3.561,220.4,17.36,0.931,OK
M-109,2026-09-06T05:00:00Z,3.492,219.2,17.16,0.928,OK
M-109,2026-09-06T06:00:00Z,4.934,219.9,23.94,0.938,OK
M-109,2026-09-06T07:00:00Z,6.63,219.9,32.62,0.924,OK
M-109,2026-09-06T08:00:00Z,9.975,220.2,48.52,0.934,OK
M-109,2026-09-06T09:00:00Z,9.5,221.4,46.13,0.93,OK
M-109,2026-09-06T10:00:00Z,9.396,220.4,46.06,0.926,OK
M-109,2026-09-06T11:00:00Z,9.543,220.7,46.51,0.93,OK
M-109,2026-09-06T12:00:00Z,9.47,220.1,46.51,0.925,OK
M-109,2026-09-06T13:00:00Z,9.674,219.3,47.05,0.938,OK
M-109,2026-09-06T14:00:00Z,9.532,219.5,46.76,0.929,OK
M-109,2026-09-06T15:00:00Z,9.46,219.1,46.47,0.929,OK
M-109,2026-09-06T16:00:00Z,9.616,220.3,46.81,0.932,OK
M-109,2026-09-06T17:00:00Z,9.66,219.1,47.58,0.927,OK
M-109,2026-09-06T18:00:00Z,4.617,220.4,22.44,0.933,OK
M-109,2026-09-06T19:00:00Z,4.641,220.4,22.66,0.929,OK
M-109,2026-09-06T20:00:00Z,4.67,218.3,23,0.93,OK
M-109,2026-09-06T21:00:00Z,4.663,219.4,22.88,0.929,OK
M-109,2026-09-06T22:00:00Z,3.559,220.1,17.43,0.928,OK
M-109,2026-09-06T23:00:00Z,3.446,218.9,16.79,0.938,OK
M-109,2026-09-07T00:00:00Z,3.344,220.3,16.27,0.933,OK
M-109,2026-09-07T01:00:00Z,3.502,220.9,17.09,0.928,OK
M-109,2026-09-07T02:00:00Z,3.614,220.6,17.6,0.931,OK
M-109,2026-09-07T03:00:00Z,3.496,217.4,17.32,0.929,OK
M-109,2026-09-07T04:00:00Z,3.611,219.3,17.61,0.935,OK
M-109,2026-09-07T05:00:00Z,3.4,220.4,16.71,0.923,OK
M-109,2026-09-07T06:00:00Z,4.947,220.2,24.48,0.918,OK
M-109,2026-09-07T07:00:00Z,6.552,220.2,32.2,0.924,OK
M-109,2026-09-07T08:00:00Z,9.644,221.4,46.79,0.931,OK
M-109,2026-09-07T09:00:00Z,9.646,219,47.35,0.93,OK
M-109,2026-09-07T10:00:00Z,9.245,220.5,44.83,0.935,OK
M-109,2026-09-07T11:00:00Z,9.256,220.3,45.29,0.928,OK
M-109,2026-09-07T12:00:00Z,9.002,220.2,43.9,0.931,OK
M-109,2026-09-07T13:00:00Z,9.654,220.4,47.36,0.925,OK
M-109,2026-09-07T14:00:00Z,9.51,219,46.63,0.931,OK
M-109,2026-09-07T15:00:00Z,9.594,219.6,46.69,0.936,OK
M-109,2026-09-07T16:00:00Z,9.679,221.2,47.42,0.923,OK
M-109,2026-09-07T17:00:00Z,9.276,219.3,45.21,0.936,OK
M-109,2026-09-07T18:00:00Z,4.593,219.5,22.53,0.929,OK
M-109,2026-09-07T19:00:00Z,4.659,220.8,22.77,0.927,OK
M-109,2026-09-07T20:00:00Z,4.744,219.5,23.15,0.934,OK
M-109,2026-09-07T21:00:00Z,4.566,220.1,21.93,0.946,OK
M-109,2026-09-07T22:00:00Z,3.482,221.3,16.85,0.934,OK
M-109,2026-09-07T23:00:00Z,3.466,219.7,16.97,0.93,OK
M-109,2026-09-08T00:00:00Z,9.171,216.9,52.02,0.813,OK
M-109,2026-09-08T01:00:00Z,9.461,215.8,54.32,0.807,OK
M-109,2026-09-08T02:00:00Z,8.721,216.6,49.66,0.811,OK
M-109,2026-09-08T03:00:00Z,9.17,216.4,52.4,0.809,OK
M-109,2026-09-08T04:00:00Z,9.203,216.6,52.16,0.814,OK
M-109,2026-09-08T05:00:00Z,9.286,216.6,53.18,0.806,OK
M-109,2026-09-08T06:00:00Z,11.406,216,65,0.812,OK
M-109,2026-09-08T07:00:00Z,12.43,214.8,71.45,0.81,OK
M-109,2026-09-08T08:00:00Z,15.852,215.8,90.71,0.81,OK
M-109,2026-09-08T09:00:00Z,15.675,215.1,89.23,0.817,OK
M-109,2026-09-08T10:00:00Z,15.813,216.5,90.09,0.811,OK
M-109,2026-09-08T11:00:00Z,16.52,215.6,94.08,0.814,OK
M-109,2026-09-08T12:00:00Z,16.055,216,91.67,0.811,OK
M-109,2026-09-08T13:00:00Z,15.886,215.6,91.66,0.804,OK
M-109,2026-09-08T14:00:00Z,15.782,216.5,88.86,0.82,OK
M-109,2026-09-08T15:00:00Z,15.953,216.4,90.86,0.811,OK
M-109,2026-09-08T16:00:00Z,16.161,215.7,91.84,0.816,OK
M-109,2026-09-08T17:00:00Z,15.601,216.3,88.56,0.815,OK
M-109,2026-09-08T18:00:00Z,14.127,215.6,81.12,0.808,OK
M-109,2026-09-08T19:00:00Z,14.187,215.6,82.11,0.802,OK
M-109,2026-09-08T20:00:00Z,13.88,216.1,79.18,0.811,OK
M-109,2026-09-08T21:00:00Z,13.623,214.8,78.75,0.805,OK
M-109,2026-09-08T22:00:00Z,9.095,216.7,51.71,0.812,OK
M-109,2026-09-08T23:00:00Z,8.697,216,49.88,0.807,OK
M-109,2026-09-09T00:00:00Z,9.577,217.3,54.51,0.808,OK
M-109,2026-09-09T01:00:00Z,8.979,216.9,51.2,0.809,OK
M-109,2026-09-09T02:00:00Z,9.037,215.8,51.61,0.812,OK
M-109,2026-09-09T03:00:00Z,9.421,216.3,53.82,0.809,OK
M-109,2026-09-09T04:00:00Z,8.972,216.3,50.42,0.823,OK
M-109,2026-09-09T05:00:00Z,9.284,216.2,52.8,0.813,OK
M-109,2026-09-09T06:00:00Z,11.21,215.3,64.32,0.809,OK
M-109,2026-09-09T07:00:00Z,12.356,215.9,70.81,0.808,OK
M-109,2026-09-09T08:00:00Z,15.991,217.9,90.61,0.81,OK
M-109,2026-09-09T09:00:00Z,16.006,215.7,92.21,0.805,OK
M-109,2026-09-09T10:00:00Z,16.114,215.8,92.71,0.805,OK
M-109,2026-09-09T11:00:00Z,15.706,215.9,90.6,0.803,OK
M-109,2026-09-09T12:00:00Z,16.345,216.9,93.14,0.809,OK
M-109,2026-09-09T13:00:00Z,15.987,216.2,91.6,0.807,OK
M-109,2026-09-09T14:00:00Z,15.743,215.1,90.88,0.805,OK
M-109,2026-09-09T15:00:00Z,15.588,217.3,88.93,0.806,OK
M-109,2026-09-09T16:00:00Z,16.218,215.9,92.33,0.814,OK
M-109,2026-09-09T17:00:00Z,16.361,216.3,92.93,0.814,OK
M-109,2026-09-09T18:00:00Z,13.743,215.8,77.96,0.817,OK
M-109,2026-09-09T19:00:00Z,13.585,215.6,77.38,0.814,OK
M-109,2026-09-09T20:00:00Z,13.23,216.3,75.88,0.806,OK
M-109,2026-09-09T21:00:00Z,13.226,215.3,74.89,0.82,OK
M-109,2026-09-09T22:00:00Z,8.981,215.7,51.07,0.815,OK
M-109,2026-09-09T23:00:00Z,8.973,214.6,51.62,0.81,OK
M-109,2026-09-10T00:00:00Z,9.168,215.2,52.84,0.806,OK
M-109,2026-09-10T01:00:00Z,8.845,215.4,50.62,0.811,OK
M-109,2026-09-10T02:00:00Z,9.221,215.9,52.93,0.807,OK
M-109,2026-09-10T03:00:00Z,9.254,216.6,53,0.806,OK
M-109,2026-09-10T04:00:00Z,9.284,217.1,52.74,0.811,OK
M-109,2026-09-10T05:00:00Z,8.772,216.1,49.53,0.82,OK
M-109,2026-09-10T06:00:00Z,11.021,215.4,62.42,0.82,OK
M-109,2026-09-10T07:00:00Z,12.573,217.4,71.55,0.808,OK
M-109,2026-09-10T08:00:00Z,15.317,216.4,86.71,0.816,OK
M-109,2026-09-10T09:00:00Z,15.852,216.4,90.8,0.807,OK
M-109,2026-09-10T10:00:00Z,15.814,214.6,90.07,0.818,OK
M-109,2026-09-10T11:00:00Z,15.745,215.8,90.04,0.81,OK
M-109,2026-09-10T12:00:00Z,16.005,215.2,92.12,0.807,OK
M-109,2026-09-10T13:00:00Z,14.955,215.8,85.14,0.814,OK
M-109,2026-09-10T14:00:00Z,16.313,215.5,92.74,0.816,OK
M-109,2026-09-10T15:00:00Z,16.493,216.9,93.88,0.81,OK
M-109,2026-09-10T16:00:00Z,15.7,214.6,90.21,0.811,OK
M-109,2026-09-10T17:00:00Z,15.475,215.9,89.16,0.804,OK
M-109,2026-09-10T18:00:00Z,14.037,215.9,80.46,0.808,OK
M-109,2026-09-10T19:00:00Z,13.677,216.1,77.69,0.815,OK
M-109,2026-09-10T20:00:00Z,13.396,215.4,76.65,0.811,OK
M-109,2026-09-10T21:00:00Z,13.599,217.2,77.43,0.809,OK
M-109,2026-09-10T22:00:00Z,9.16,216.1,51.99,0.815,OK
M-109,2026-09-10T23:00:00Z,9.552,217.1,54.46,0.808,OK
M-109,2026-09-11T00:00:00Z,9.452,216.7,53.52,0.815,OK
M-109,2026-09-11T01:00:00Z,9.16,216.8,52.35,0.807,OK
M-109,2026-09-11T02:00:00Z,8.876,216.2,51,0.805,OK
M-109,2026-09-11T03:00:00Z,9.307,216.6,52.81,0.814,OK
M-109,2026-09-11T04:00:00Z,9.593,216.4,54.66,0.811,OK
M-109,2026-09-11T05:00:00Z,9.381,215.5,53.85,0.808,OK
M-109,2026-09-11T06:00:00Z,10.764,216.4,61.84,0.804,OK
M-109,2026-09-11T07:00:00Z,12.615,217,71.38,0.814,OK
M-109,2026-09-11T08:00:00Z,15.617,216.3,88.49,0.816,OK
M-109,2026-09-11T09:00:00Z,15.691,216.1,89.15,0.815,OK
M-109,2026-09-11T10:00:00Z,15.992,215.2,91.4,0.813,OK
M-109,2026-09-11T11:00:00Z,15.705,217,88.41,0.819,OK
M-109,2026-09-11T12:00:00Z,15.741,215.9,89.52,0.814,OK
M-109,2026-09-11T13:00:00Z,16.45,215.5,94.47,0.808,OK
M-109,2026-09-11T14:00:00Z,15.767,215.5,90.28,0.81,OK
M-109,2026-09-11T15:00:00Z,15.758,215.2,89.82,0.815,OK
M-109,2026-09-11T16:00:00Z,15.853,215.6,90.5,0.812,OK
M-109,2026-09-11T17:00:00Z,16.057,216.7,91.59,0.809,OK
M-109,2026-09-11T18:00:00Z,13.245,216.6,74.41,0.822,OK
M-109,2026-09-11T19:00:00Z,14.234,216,81.25,0.811,OK
M-109,2026-09-11T20:00:00Z,13.253,215.9,75.27,0.816,OK
M-109,2026-09-11T21:00:00Z,13.153,214.9,75.2,0.814,OK
M-109,2026-09-11T22:00:00Z,9.137,216.1,51.98,0.813,OK
M-109,2026-09-11T23:00:00Z,9.215,216.7,52.58,0.809,OK
M-109,2026-09-12T00:00:00Z,8.918,215.4,51.16,0.809,OK
M-109,2026-09-12T01:00:00Z,9.189,215.8,52.75,0.807,OK
M-109,2026-09-12T02:00:00Z,8.985,215.9,51.58,0.807,OK
M-109,2026-09-12T03:00:00Z,8.984,216.7,51.1,0.811,OK
M-109,2026-09-12T04:00:00Z,9.174,215.4,52.23,0.816,OK
M-109,2026-09-12T05:00:00Z,9.231,216,52.92,0.808,OK
M-109,2026-09-12T06:00:00Z,10.886,215.7,61.98,0.814,OK
M-109,2026-09-12T07:00:00Z,12.528,216.4,72.01,0.804,OK
M-109,2026-09-12T08:00:00Z,15.277,216.9,86.38,0.815,OK
M-109,2026-09-12T09:00:00Z,15.306,215.7,88.68,0.8,OK
M-109,2026-09-12T10:00:00Z,16.271,216,93.38,0.807,OK
M-109,2026-09-12T11:00:00Z,15.85,215.8,90.5,0.812,OK
M-109,2026-09-12T12:00:00Z,15.819,216.2,90.28,0.811,OK
M-109,2026-09-12T13:00:00Z,16.369,216.9,93.41,0.808,OK
M-109,2026-09-12T14:00:00Z,15.906,215.2,91.73,0.806,OK
M-109,2026-09-12T15:00:00Z,15.843,214.9,90.61,0.814,OK
M-109,2026-09-12T16:00:00Z,16.121,215.5,91.7,0.816,OK
M-109,2026-09-12T17:00:00Z,15.832,214.6,92.16,0.801,OK
M-109,2026-09-12T18:00:00Z,13.164,215.9,75.54,0.807,OK
M-109,2026-09-12T19:00:00Z,13.388,216.6,76.93,0.804,OK
M-109,2026-09-12T20:00:00Z,13.684,216.2,77.86,0.813,OK
M-109,2026-09-12T21:00:00Z,13.916,215,79.83,0.811,OK
M-109,2026-09-12T22:00:00Z,9.137,216,52.43,0.807,OK
M-109,2026-09-12T23:00:00Z,8.99,216.8,51.02,0.813,OK
M-109,2026-09-13T00:00:00Z,9.065,216.3,51.79,0.809,OK
M-109,2026-09-13T01:00:00Z,9.189,216.1,52.31,0.813,OK
M-109,2026-09-13T02:00:00Z,9.114,216.6,51.39,0.819,OK
M-109,2026-09-13T03:00:00Z,9.399,215.1,53.81,0.812,OK
M-109,2026-09-13T04:00:00Z,8.976,215,51.23,0.815,OK
M-109,2026-09-13T05:00:00Z,9.016,215.4,51.87,0.807,OK
M-109,2026-09-13T06:00:00Z,11.015,215.9,62.87,0.812,OK
M-109,2026-09-13T07:00:00Z,12.658,215.5,72.44,0.811,OK
M-109,2026-09-13T08:00:00Z,16.386,215.6,94.12,0.808,OK
M-109,2026-09-13T09:00:00Z,15.9,216.7,90.46,0.811,OK
M-109,2026-09-13T10:00:00Z,16.299,214.5,94.63,0.803,OK
M-109,2026-09-13T11:00:00Z,15.553,214.5,89.6,0.809,OK
M-109,2026-09-13T12:00:00Z,16.363,214,95.32,0.802,OK
M-109,2026-09-13T13:00:00Z,15.995,216,91.48,0.81,OK
M-109,2026-09-13T14:00:00Z,16.343,216.5,93.29,0.809,OK
M-109,2026-09-13T15:00:00Z,16.426,217.5,93.21,0.81,OK
M-109,2026-09-13T16:00:00Z,16.16,216.3,92.04,0.812,OK
M-109,2026-09-13T17:00:00Z,16.087,215.8,92.02,0.81,OK
M-109,2026-09-13T18:00:00Z,13.669,216.4,77.69,0.813,OK
M-109,2026-09-13T19:00:00Z,13.717,215.3,79.14,0.805,OK
M-109,2026-09-13T20:00:00Z,13.424,215.2,76.98,0.81,OK
M-109,2026-09-13T21:00:00Z,14.173,216.2,80.78,0.811,OK
M-109,2026-09-13T22:00:00Z,8.825,217.7,50.46,0.803,OK
M-109,2026-09-13T23:00:00Z,9.135,214.6,53.07,0.802,OK
M-109,2026-09-14T00:00:00Z,9.017,215.8,51.66,0.809,OK
M-109,2026-09-14T01:00:00Z,9.34,216.5,53.49,0.806,OK
M-109,2026-09-14T02:00:00Z,9.668,216.6,55.17,0.809,OK
M-109,2026-09-14T03:00:00Z,9.121,215.9,52.59,0.804,OK
M-109,2026-09-14T04:00:00Z,9.282,215.7,52.86,0.814,OK
M-109,2026-09-14T05:00:00Z,9.238,215.1,52.88,0.812,OK
M-109,2026-09-14T06:00:00Z,11.016,215.8,62.64,0.815,OK
M-109,2026-09-14T07:00:00Z,12.222,216.4,70.18,0.805,OK
M-109,2026-09-14T08:00:00Z,15.625,215.8,88.73,0.816,OK
M-109,2026-09-14T09:00:00Z,16.221,215.5,92.16,0.817,OK
M-109,2026-09-14T10:00:00Z,15.433,217.7,87.52,0.81,OK
M-109,2026-09-14T11:00:00Z,16.167,216.3,92.27,0.81,OK
M-109,2026-09-14T12:00:00Z,16.134,215.1,92.72,0.809,OK
M-109,2026-09-14T13:00:00Z,16.428,215.4,94.12,0.81,OK
M-109,2026-09-14T14:00:00Z,16.049,216.2,90.98,0.816,OK
M-109,2026-09-14T15:00:00Z,16.3,215.5,92.77,0.815,OK
M-109,2026-09-14T16:00:00Z,15.517,215.5,89.57,0.804,OK
M-109,2026-09-14T17:00:00Z,15.625,216.4,89.27,0.809,OK
M-109,2026-09-14T18:00:00Z,13.492,215,77.26,0.812,OK
M-109,2026-09-14T19:00:00Z,13.748,217.4,78.55,0.805,OK
M-109,2026-09-14T20:00:00Z,13.555,215.3,78.05,0.806,OK
M-109,2026-09-14T21:00:00Z,13.655,216.5,78.15,0.807,OK
M-109,2026-09-14T22:00:00Z,9.199,216.2,52.68,0.808,OK
M-109,2026-09-14T23:00:00Z,9.31,217.2,52.89,0.81,OK
M-110,2026-09-01T00:00:00Z,4.148,220.1,19.71,0.956,OK
M-110,2026-09-01T01:00:00Z,4.175,219.6,19.75,0.962,OK
M-110,2026-09-01T02:00:00Z,4.31,220,20.36,0.962,OK
M-110,2026-09-01T03:00:00Z,4.374,221,20.57,0.962,OK
M-110,2026-09-01T04:00:00Z,4.326,220.4,20.32,0.966,OK
M-110,2026-09-01T05:00:00Z,4.242,220.3,20.13,0.957,OK
M-110,2026-09-01T06:00:00Z,5.987,219.8,28.41,0.959,OK
M-110,2026-09-01T07:00:00Z,7.962,218.4,38.39,0.95,OK
M-110,2026-09-01T08:00:00Z,11.357,220.1,53.67,0.961,OK
M-110,2026-09-01T09:00:00Z,11.278,220.7,53.39,0.957,OK
M-110,2026-09-01T10:00:00Z,11.474,220.6,54.39,0.956,OK
M-110,2026-09-01T11:00:00Z,11.347,220.1,53.55,0.963,OK
M-110,2026-09-01T12:00:00Z,11.806,220.5,55.71,0.961,OK
M-110,2026-09-01T13:00:00Z,11.601,218.9,55.01,0.964,OK
M-110,2026-09-01T14:00:00Z,11.871,220.2,56.08,0.961,OK
M-110,2026-09-01T15:00:00Z,12.124,219.4,57.79,0.956,OK
M-110,2026-09-01T16:00:00Z,11.692,219.5,55.63,0.958,OK
M-110,2026-09-01T17:00:00Z,11.297,218.4,53.93,0.959,OK
M-110,2026-09-01T18:00:00Z,5.618,220.1,26.55,0.961,OK
M-110,2026-09-01T19:00:00Z,5.65,221.7,26.36,0.967,OK
M-110,2026-09-01T20:00:00Z,5.577,220.6,26.33,0.96,OK
M-110,2026-09-01T21:00:00Z,5.513,220.8,25.92,0.963,OK
M-110,2026-09-01T22:00:00Z,4.255,220.4,20.1,0.96,OK
M-110,2026-09-01T23:00:00Z,4.37,220.5,20.65,0.96,OK
M-110,2026-09-02T00:00:00Z,4.234,219.4,20.06,0.962,OK
M-110,2026-09-02T01:00:00Z,4.291,218.6,20.48,0.958,OK
M-110,2026-09-02T02:00:00Z,4.33,220,20.43,0.963,OK
M-110,2026-09-02T03:00:00Z,4.426,219.7,20.98,0.96,OK
M-110,2026-09-02T04:00:00Z,4.329,220.6,20.53,0.956,OK
M-110,2026-09-02T05:00:00Z,4.182,221,19.62,0.964,OK
M-110,2026-09-02T06:00:00Z,5.962,220.2,28.06,0.965,OK
M-110,2026-09-02T07:00:00Z,7.705,219.8,36.73,0.954,OK
M-110,2026-09-02T08:00:00Z,11.224,220.3,52.54,0.97,OK
M-110,2026-09-02T09:00:00Z,11.293,220.5,53.45,0.958,OK
M-110,2026-09-02T10:00:00Z,11.05,220.2,52.28,0.96,OK
M-110,2026-09-02T11:00:00Z,11.664,219.8,55.2,0.961,OK
M-110,2026-09-02T12:00:00Z,11.974,220.1,57.02,0.954,OK
M-110,2026-09-02T13:00:00Z,11.393,219.7,54.06,0.959,OK
M-110,2026-09-02T14:00:00Z,11.702,220.8,55.13,0.961,OK
M-110,2026-09-02T15:00:00Z,11.227,219,53.5,0.958,OK
M-110,2026-09-02T16:00:00Z,11.474,221.8,53.81,0.961,OK
M-110,2026-09-02T17:00:00Z,11.549,220.8,54.4,0.961,OK
M-110,2026-09-02T18:00:00Z,5.761,220.4,27.15,0.963,OK
M-110,2026-09-02T19:00:00Z,5.551,219.2,26.47,0.957,OK
M-110,2026-09-02T20:00:00Z,5.531,218.5,26.26,0.964,OK
M-110,2026-09-02T21:00:00Z,5.608,218.6,26.42,0.971,OK
M-110,2026-09-02T22:00:00Z,4.24,219.8,19.98,0.965,OK
M-110,2026-09-02T23:00:00Z,4.433,221.3,21.14,0.948,OK
M-110,2026-09-03T00:00:00Z,4.305,219.2,20.41,0.962,OK
M-110,2026-09-03T01:00:00Z,4.239,220.7,20.13,0.954,OK
M-110,2026-09-03T02:00:00Z,4.206,220.1,19.83,0.964,OK
M-110,2026-09-03T03:00:00Z,4.306,218.8,20.46,0.962,OK
M-110,2026-09-03T04:00:00Z,4.245,219.7,20.07,0.963,OK
M-110,2026-09-03T05:00:00Z,4.348,220.3,20.42,0.966,OK
M-110,2026-09-03T06:00:00Z,6.039,220.7,28.37,0.965,OK
M-110,2026-09-03T07:00:00Z,7.819,219.9,36.95,0.963,OK
M-110,2026-09-03T08:00:00Z,11.472,219.4,54.6,0.958,OK
M-110,2026-09-03T09:00:00Z,11.582,219.4,55.16,0.957,OK
M-110,2026-09-03T10:00:00Z,11.759,220.6,55.35,0.963,OK
M-110,2026-09-03T11:00:00Z,11.141,220.9,52.4,0.962,OK
M-110,2026-09-03T12:00:00Z,11.752,220.1,55.78,0.957,OK
M-110,2026-09-03T13:00:00Z,11.581,220.7,54.89,0.956,OK
M-110,2026-09-03T14:00:00Z,11.849,220.3,55.92,0.962,OK
M-110,2026-09-03T15:00:00Z,11.225,220.8,53.01,0.959,OK
M-110,2026-09-03T16:00:00Z,11.336,220.5,53.62,0.959,OK
M-110,2026-09-03T17:00:00Z,11.458,219.5,54.71,0.954,OK
M-110,2026-09-03T18:00:00Z,5.576,220.8,26.26,0.962,OK
M-110,2026-09-03T19:00:00Z,5.602,218.9,26.66,0.96,OK
M-110,2026-09-03T20:00:00Z,5.541,220.9,26.17,0.959,OK
M-110,2026-09-03T21:00:00Z,5.626,219.2,26.9,0.954,OK
M-110,2026-09-03T22:00:00Z,4.261,219.5,20.17,0.962,OK
M-110,2026-09-03T23:00:00Z,4.273,220.2,20.19,0.961,OK
M-110,2026-09-04T00:00:00Z,4.225,220.2,19.98,0.961,OK
M-110,2026-09-04T01:00:00Z,4.17,220.1,19.7,0.962,OK
M-110,2026-09-04T02:00:00Z,4.283,220,20.23,0.963,OK
M-110,2026-09-04T03:00:00Z,4.288,220.8,20.38,0.953,OK
M-110,2026-09-04T04:00:00Z,4.351,219.3,20.97,0.946,OK
M-110,2026-09-04T05:00:00Z,4.15,220.3,19.59,0.962,OK
M-110,2026-09-04T06:00:00Z,6.382,220.1,30.31,0.957,OK
M-110,2026-09-04T07:00:00Z,7.733,221.7,36.32,0.96,OK
M-110,2026-09-04T08:00:00Z,11.671,220.5,54.97,0.963,OK
M-110,2026-09-04T09:00:00Z,11.545,219.4,54.99,0.957,OK
M-110,2026-09-04T10:00:00Z,11.598,220.2,54.91,0.959,OK
M-110,2026-09-04T11:00:00Z,11.082,219.1,52.7,0.96,OK
M-110,2026-09-04T12:00:00Z,11.729,220.9,55.09,0.964,OK
M-110,2026-09-04T13:00:00Z,11.702,220.5,55.24,0.961,OK
M-110,2026-09-04T14:00:00Z,11.535,220.4,54.66,0.957,OK
M-110,2026-09-04T15:00:00Z,11.401,220.5,53.69,0.963,OK
M-110,2026-09-04T16:00:00Z,11.351,219.5,53.54,0.966,OK
M-110,2026-09-04T17:00:00Z,11.829,219.6,56.09,0.96,OK
M-110,2026-09-04T18:00:00Z,5.58,219.9,26.26,0.966,OK
M-110,2026-09-04T19:00:00Z,5.696,219.4,27.05,0.96,OK
M-110,2026-09-04T20:00:00Z,5.518,219.7,26.43,0.951,OK
M-110,2026-09-04T21:00:00Z,5.739,220.8,26.97,0.964,OK
M-110,2026-09-04T22:00:00Z,4.128,220,19.51,0.962,OK
M-110,2026-09-04T23:00:00Z,4.254,221.1,19.99,0.962,OK
M-110,2026-09-05T00:00:00Z,4.3,219.7,20.46,0.957,OK
M-110,2026-09-05T01:00:00Z,4.273,220,20.15,0.964,OK
M-110,2026-09-05T02:00:00Z,4.265,219.9,20.22,0.959,OK
M-110,2026-09-05T03:00:00Z,4.328,220.4,20.46,0.96,OK
M-110,2026-09-05T04:00:00Z,4.381,221.4,20.65,0.958,OK
M-110,2026-09-05T05:00:00Z,4.343,220.2,20.47,0.963,OK
M-110,2026-09-05T06:00:00Z,6.086,221.3,28.64,0.96,OK
M-110,2026-09-05T07:00:00Z,8.054,220.2,38.09,0.96,OK
M-110,2026-09-05T08:00:00Z,12.088,220,57.61,0.954,OK
M-110,2026-09-05T09:00:00Z,11.498,219.5,54.12,0.968,OK
M-110,2026-09-05T10:00:00Z,11.762,219.2,55.97,0.959,OK
M-110,2026-09-05T11:00:00Z,11.53,220.5,54.23,0.964,OK
M-110,2026-09-05T12:00:00Z,11.639,219.9,55.25,0.958,OK
M-110,2026-09-05T13:00:00Z,11.615,220.6,54.92,0.959,OK
M-110,2026-09-05T14:00:00Z,12.061,220.8,57.52,0.95,OK
M-110,2026-09-05T15:00:00Z,11.602,219.9,54.91,0.961,OK
M-110,2026-09-05T16:00:00Z,11.615,222.2,54.58,0.958,OK
M-110,2026-09-05T17:00:00Z,11.351,218.7,54.05,0.96,OK
M-110,2026-09-05T18:00:00Z,5.531,220.3,26.1,0.962,OK
M-110,2026-09-05T19:00:00Z,5.7,219.3,27.12,0.958,OK
M-110,2026-09-05T20:00:00Z,5.565,222.4,26.24,0.954,OK
M-110,2026-09-05T21:00:00Z,5.459,221.1,25.86,0.955,OK
M-110,2026-09-05T22:00:00Z,4.273,219.4,20.29,0.96,OK
M-110,2026-09-05T23:00:00Z,4.292,219,20.31,0.965,OK
M-110,2026-09-06T00:00:00Z,4.308,218.7,20.52,0.96,OK
M-110,2026-09-06T01:00:00Z,4.333,218.9,20.71,0.956,OK
M-110,2026-09-06T02:00:00Z,4.304,221.1,20.27,0.961,OK
M-110,2026-09-06T03:00:00Z,4.393,220.7,20.64,0.964,OK
M-110,2026-09-06T04:00:00Z,4.248,220.7,20.09,0.958,OK
M-110,2026-09-06T05:00:00Z,4.199,219.8,19.99,0.956,OK
M-110,2026-09-06T06:00:00Z,6.051,219.6,28.89,0.954,OK
M-110,2026-09-06T07:00:00Z,7.891,219.8,37.21,0.965,OK
M-110,2026-09-06T08:00:00Z,11.825,218,56.5,0.96,OK
M-110,2026-09-06T09:00:00Z,12.009,219.8,57.25,0.954,OK
M-110,2026-09-06T10:00:00Z,11.403,218.9,54.18,0.962,OK
M-110,2026-09-06T11:00:00Z,11.637,220.6,54.96,0.96,OK
M-110,2026-09-06T12:00:00Z,11.489,218.7,54.66,0.961,OK
M-110,2026-09-06T13:00:00Z,11.566,220.3,54.78,0.959,OK
M-110,2026-09-06T14:00:00Z,11.812,219.9,55.52,0.967,OK
M-110,2026-09-06T15:00:00Z,11.481,217.9,54.93,0.959,OK
M-110,2026-09-06T16:00:00Z,11.805,220.8,55.89,0.956,OK
M-110,2026-09-06T17:00:00Z,11.76,220.3,55.84,0.956,OK
M-110,2026-09-06T18:00:00Z,5.661,220.1,26.96,0.954,OK
M-110,2026-09-06T19:00:00Z,5.412,220.8,25.43,0.964,OK
M-110,2026-09-06T20:00:00Z,5.474,219.6,25.79,0.966,OK
M-110,2026-09-06T21:00:00Z,5.552,220.2,26.31,0.959,OK
M-110,2026-09-06T22:00:00Z,4.306,219.7,20.36,0.963,OK
M-110,2026-09-06T23:00:00Z,4.192,220.2,19.75,0.964,OK
M-110,2026-09-07T00:00:00Z,4.226,220.3,19.87,0.966,OK
M-110,2026-09-07T01:00:00Z,4.278,219.8,20.16,0.966,OK
M-110,2026-09-07T02:00:00Z,4.208,219.4,20.04,0.957,OK
M-110,2026-09-07T03:00:00Z,4.185,220.1,19.67,0.967,OK
M-110,2026-09-07T04:00:00Z,4.261,219.9,20.23,0.958,OK
M-110,2026-09-07T05:00:00Z,4.278,220.5,20.08,0.966,OK
M-110,2026-09-07T06:00:00Z,5.986,220.9,28.08,0.965,OK
M-110,2026-09-07T07:00:00Z,7.865,219.2,37.11,0.967,OK
M-110,2026-09-07T08:00:00Z,11.908,220.2,56.39,0.959,OK
M-110,2026-09-07T09:00:00Z,11.49,219.5,54.37,0.963,OK
M-110,2026-09-07T10:00:00Z,11.69,221.1,55.15,0.959,OK
M-110,2026-09-07T11:00:00Z,11.771,219.2,56.12,0.957,OK
M-110,2026-09-07T12:00:00Z,11.58,219.6,54.96,0.959,OK
M-110,2026-09-07T13:00:00Z,11.641,220.4,55.05,0.959,OK
M-110,2026-09-07T14:00:00Z,11.676,219.5,55.4,0.96,OK
M-110,2026-09-07T15:00:00Z,11.627,218.2,55.41,0.962,OK
M-110,2026-09-07T16:00:00Z,12.18,219.3,57.86,0.96,OK
M-110,2026-09-07T17:00:00Z,11.34,219.4,54,0.957,OK
M-110,2026-09-07T18:00:00Z,5.621,219.9,26.65,0.959,OK
M-110,2026-09-07T19:00:00Z,5.495,220.5,26.08,0.955,OK
M-110,2026-09-07T20:00:00Z,5.707,220.6,26.8,0.965,OK
M-110,2026-09-07T21:00:00Z,5.77,218.6,27.56,0.957,OK
M-110,2026-09-07T22:00:00Z,4.356,219.7,20.75,0.956,OK
M-110,2026-09-07T23:00:00Z,4.457,220.6,21.2,0.953,OK
M-110,2026-09-08T00:00:00Z,4.314,219.5,20.54,0.957,OK
M-110,2026-09-08T01:00:00Z,4.483,218.9,21.46,0.954,OK
M-110,2026-09-08T02:00:00Z,4.303,220.5,20.2,0.966,OK
M-110,2026-09-08T03:00:00Z,4.379,219.5,20.68,0.964,OK
M-110,2026-09-08T04:00:00Z,4.303,219,20.58,0.955,OK
M-110,2026-09-08T05:00:00Z,4.344,220.3,20.52,0.961,OK
M-110,2026-09-08T06:00:00Z,6.283,218.8,29.75,0.965,OK
M-110,2026-09-08T07:00:00Z,7.959,219.5,37.77,0.96,OK
M-110,2026-09-08T08:00:00Z,12.032,220.6,56.34,0.968,OK
M-110,2026-09-08T09:00:00Z,11.251,219.8,52.91,0.968,OK
M-110,2026-09-08T10:00:00Z,11.61,219.9,54.61,0.967,OK
M-110,2026-09-08T11:00:00Z,11.621,220.4,55.44,0.951,OK
M-110,2026-09-08T12:00:00Z,11.667,221.6,54.66,0.963,OK
M-110,2026-09-08T13:00:00Z,11.594,219.5,55.36,0.954,OK
M-110,2026-09-08T14:00:00Z,11.464,219.9,54.29,0.96,OK
M-110,2026-09-08T15:00:00Z,11.457,218.9,54.17,0.966,OK
M-110,2026-09-08T16:00:00Z,11.842,220.3,55.44,0.97,OK
M-110,2026-09-08T17:00:00Z,11.442,220.6,54.14,0.958,OK
M-110,2026-09-08T18:00:00Z,5.732,220.8,27.07,0.959,OK
M-110,2026-09-08T19:00:00Z,5.726,219.1,27.26,0.959,OK
M-110,2026-09-08T20:00:00Z,5.73,220.8,26.82,0.968,OK
M-110,2026-09-08T21:00:00Z,5.639,219.6,26.9,0.954,OK
M-110,2026-09-08T22:00:00Z,4.26,220.9,20.01,0.964,OK
M-110,2026-09-08T23:00:00Z,4.365,219.9,20.85,0.952,OK
M-110,2026-09-09T00:00:00Z,4.346,218.1,20.64,0.965,OK
M-110,2026-09-09T01:00:00Z,4.232,221.3,19.8,0.966,OK
M-110,2026-09-09T02:00:00Z,4.215,219.9,19.89,0.963,OK
M-110,2026-09-09T03:00:00Z,4.24,218.4,20.3,0.956,OK
M-110,2026-09-09T04:00:00Z,4.362,220.8,20.44,0.966,OK
M-110,2026-09-09T05:00:00Z,4.331,221.3,20.51,0.954,OK
M-110,2026-09-09T06:00:00Z,6.033,219.4,28.62,0.96,OK
M-110,2026-09-09T07:00:00Z,8.213,220.4,38.84,0.959,OK
M-110,2026-09-09T08:00:00Z,11.837,220,56.15,0.958,OK
M-110,2026-09-09T09:00:00Z,12.109,219.6,57.9,0.952,OK
M-110,2026-09-09T10:00:00Z,12.021,220.1,56.67,0.964,OK
M-110,2026-09-09T11:00:00Z,11.879,218.8,56.78,0.956,OK
M-110,2026-09-09T12:00:00Z,12,220.7,56.77,0.958,OK
M-110,2026-09-09T13:00:00Z,11.617,218.9,55.1,0.963,OK
M-110,2026-09-09T14:00:00Z,11.615,221,54.34,0.967,OK
M-110,2026-09-09T15:00:00Z,11.931,219.7,56.58,0.96,OK
M-110,2026-09-09T16:00:00Z,12.068,219.4,57.22,0.961,OK
M-110,2026-09-09T17:00:00Z,11.5,220.1,54.62,0.957,OK
M-110,2026-09-09T18:00:00Z,5.582,219.9,26.46,0.959,OK
M-110,2026-09-09T19:00:00Z,5.785,219.6,27.53,0.957,OK
M-110,2026-09-09T20:00:00Z,5.452,219.8,25.86,0.959,OK
M-110,2026-09-09T21:00:00Z,5.552,220.1,26.26,0.961,OK
M-110,2026-09-09T22:00:00Z,4.466,219.9,21.26,0.955,OK
M-110,2026-09-09T23:00:00Z,4.215,220,19.96,0.96,OK
M-110,2026-09-10T00:00:00Z,4.465,220.2,21.12,0.96,OK
M-110,2026-09-10T01:00:00Z,4.381,220,20.63,0.965,OK
M-110,2026-09-10T02:00:00Z,4.556,219.4,21.66,0.959,OK
M-110,2026-09-10T03:00:00Z,4.516,221.7,21.16,0.963,OK
M-110,2026-09-10T04:00:00Z,4.357,219.5,20.75,0.956,OK
M-110,2026-09-10T05:00:00Z,4.254,221,20.02,0.961,OK
M-110,2026-09-10T06:00:00Z,6.146,219.1,29.38,0.955,OK
M-110,2026-09-10T07:00:00Z,7.877,221.2,37.2,0.957,OK
M-110,2026-09-10T08:00:00Z,11.64,220.3,55.18,0.958,OK
M-110,2026-09-10T09:00:00Z,11.31,219.3,53.93,0.956,OK
M-110,2026-09-10T10:00:00Z,11.733,219.5,55.65,0.961,OK
M-110,2026-09-10T11:00:00Z,11.544,220.2,54.19,0.968,OK
M-110,2026-09-10T12:00:00Z,11.586,218.1,54.99,0.966,OK
M-110,2026-09-10T13:00:00Z,11.703,219.2,55.45,0.963,OK
M-110,2026-09-10T14:00:00Z,11.738,221.7,55.26,0.958,OK
M-110,2026-09-10T15:00:00Z,11.83,220.1,55.97,0.96,OK
M-110,2026-09-10T16:00:00Z,11.347,221.7,53.4,0.958,OK
M-110,2026-09-10T17:00:00Z,11.804,220.6,55.57,0.963,OK
M-110,2026-09-10T18:00:00Z,5.699,218.9,27.2,0.957,OK
M-110,2026-09-10T19:00:00Z,5.782,219.5,27.52,0.957,OK
M-110,2026-09-10T20:00:00Z,5.862,219.1,27.87,0.96,OK
M-110,2026-09-10T21:00:00Z,5.762,219.5,27.39,0.959,OK
M-110,2026-09-10T22:00:00Z,4.292,219.8,20.41,0.956,OK
M-110,2026-09-10T23:00:00Z,4.234,219.7,20.24,0.952,OK
M-110,2026-09-11T00:00:00Z,4.413,219.6,20.86,0.963,OK
M-110,2026-09-11T01:00:00Z,4.263,219,20.36,0.956,OK
M-110,2026-09-11T02:00:00Z,4.446,219.8,21.16,0.956,OK
M-110,2026-09-11T03:00:00Z,4.306,218.7,20.52,0.959,OK
M-110,2026-09-11T04:00:00Z,4.392,222,20.6,0.96,OK
M-110,2026-09-11T05:00:00Z,4.257,220.1,20.12,0.961,OK
M-110,2026-09-11T06:00:00Z,6.277,219.9,29.42,0.97,OK
M-110,2026-09-11T07:00:00Z,7.911,219.4,37.38,0.965,OK
M-110,2026-09-11T08:00:00Z,11.756,221.3,55.04,0.965,OK
M-110,2026-09-11T09:00:00Z,11.874,220.4,56.37,0.956,OK
M-110,2026-09-11T10:00:00Z,11.579,221.3,54.74,0.956,OK
M-110,2026-09-11T11:00:00Z,11.632,220.4,54.57,0.967,OK
M-110,2026-09-11T12:00:00Z,11.787,220.1,56.1,0.955,OK
M-110,2026-09-11T13:00:00Z,11.929,221.9,55.88,0.962,OK
M-110,2026-09-11T14:00:00Z,11.867,219.9,56.51,0.955,OK
M-110,2026-09-11T15:00:00Z,11.35,220.2,53.82,0.958,OK
M-110,2026-09-11T16:00:00Z,11.731,219.1,55.22,0.969,OK
M-110,2026-09-11T17:00:00Z,11.553,220.1,54.38,0.965,OK
M-110,2026-09-11T18:00:00Z,5.714,220.6,26.81,0.966,OK
M-110,2026-09-11T19:00:00Z,5.62,219.2,26.56,0.965,OK
M-110,2026-09-11T20:00:00Z,5.678,218.7,26.93,0.964,OK
M-110,2026-09-11T21:00:00Z,5.568,220.2,26.33,0.96,OK
M-110,2026-09-11T22:00:00Z,4.236,220.2,20.11,0.957,OK
M-110,2026-09-11T23:00:00Z,4.301,218.9,20.43,0.962,OK
M-110,2026-09-12T00:00:00Z,4.344,220.5,20.41,0.966,OK
M-110,2026-09-12T01:00:00Z,4.364,220.8,20.52,0.963,OK
M-110,2026-09-12T02:00:00Z,4.232,218.6,20.37,0.95,OK
M-110,2026-09-12T03:00:00Z,4.332,218.5,20.54,0.965,OK
M-110,2026-09-12T04:00:00Z,4.38,220.3,20.73,0.959,OK
M-110,2026-09-12T05:00:00Z,4.284,218.9,20.28,0.965,OK
M-110,2026-09-12T06:00:00Z,6.38,219.8,30.23,0.96,OK
M-110,2026-09-12T07:00:00Z,7.961,220.3,37.51,0.963,OK
M-110,2026-09-12T08:00:00Z,12.24,219.6,58.3,0.956,OK
M-110,2026-09-12T09:00:00Z,12.015,219.7,57.17,0.956,OK
M-110,2026-09-12T10:00:00Z,11.827,220.6,55.79,0.961,OK
M-110,2026-09-12T11:00:00Z,11.841,219.5,55.64,0.969,OK
M-110,2026-09-12T12:00:00Z,11.455,219.4,54.41,0.96,OK
M-110,2026-09-12T13:00:00Z,11.659,219.9,55.25,0.96,OK
M-110,2026-09-12T14:00:00Z,11.505,220.7,54.98,0.948,OK
M-110,2026-09-12T15:00:00Z,11.382,219.5,54.02,0.96,OK
M-110,2026-09-12T16:00:00Z,12.024,220.4,56.86,0.959,OK
M-110,2026-09-12T17:00:00Z,11.512,220.1,54.3,0.963,OK
M-110,2026-09-12T18:00:00Z,5.629,220.8,26.54,0.961,OK
M-110,2026-09-12T19:00:00Z,5.83,220.3,27.36,0.967,OK
M-110,2026-09-12T20:00:00Z,5.696,220.9,26.79,0.962,OK
M-110,2026-09-12T21:00:00Z,5.656,219.9,26.91,0.956,OK
M-110,2026-09-12T22:00:00Z,4.4,218.2,21.08,0.957,OK
M-110,2026-09-12T23:00:00Z,4.344,220.8,20.6,0.955,OK
M-110,2026-09-13T00:00:00Z,4.401,220.8,20.79,0.959,OK
M-110,2026-09-13T01:00:00Z,4.27,220.8,20.2,0.957,OK
M-110,2026-09-13T02:00:00Z,4.347,220.6,20.52,0.96,OK
M-110,2026-09-13T03:00:00Z,4.155,220.8,19.7,0.956,OK
M-110,2026-09-13T04:00:00Z,4.261,218.3,20.4,0.957,OK
M-110,2026-09-13T05:00:00Z,4.44,221.7,20.95,0.956,OK
M-110,2026-09-13T06:00:00Z,6.317,220.5,29.9,0.958,OK
M-110,2026-09-13T07:00:00Z,8.059,219,38.37,0.959,OK
M-110,2026-09-13T08:00:00Z,11.849,219.6,56.13,0.961,OK
M-110,2026-09-13T09:00:00Z,12.527,220.4,59.44,0.956,OK
M-110,2026-09-13T10:00:00Z,11.633,219.6,54.92,0.965,OK
M-110,2026-09-13T11:00:00Z,12.069,219.9,57.43,0.956,OK
M-110,2026-09-13T12:00:00Z,12.041,219.4,56.67,0.969,OK
M-110,2026-09-13T13:00:00Z,11.825,219.3,56.3,0.958,OK
M-110,2026-09-13T14:00:00Z,11.939,221.1,56.54,0.955,OK
M-110,2026-09-13T15:00:00Z,11.61,219.4,54.98,0.962,OK
M-110,2026-09-13T16:00:00Z,11.856,220.2,55.98,0.962,OK
M-110,2026-09-13T17:00:00Z,11.617,221,54.84,0.958,OK
M-110,2026-09-13T18:00:00Z,5.677,219.7,27,0.957,OK
M-110,2026-09-13T19:00:00Z,5.466,220.2,25.95,0.957,OK
M-110,2026-09-13T20:00:00Z,5.929,220.9,27.72,0.968,OK
M-110,2026-09-13T21:00:00Z,5.613,218.8,26.56,0.966,OK
M-110,2026-09-13T22:00:00Z,4.383,221.3,20.58,0.963,OK
M-110,2026-09-13T23:00:00Z,4.431,220.2,20.95,0.96,OK
M-110,2026-09-14T00:00:00Z,4.249,219.2,20.13,0.963,OK
M-110,2026-09-14T01:00:00Z,4.363,218.9,20.68,0.964,OK
M-110,2026-09-14T02:00:00Z,4.192,219.5,19.91,0.959,OK
M-110,2026-09-14T03:00:00Z,4.338,220.1,20.43,0.965,OK
M-110,2026-09-14T04:00:00Z,4.181,221.3,19.71,0.959,OK
M-110,2026-09-14T05:00:00Z,4.431,219.9,21.1,0.955,OK
M-110,2026-09-14T06:00:00Z,6.193,220.4,29.31,0.959,OK
M-110,2026-09-14T07:00:00Z,7.969,219.8,37.78,0.96,OK
M-110,2026-09-14T08:00:00Z,11.97,219.7,56.71,0.961,OK
M-110,2026-09-14T09:00:00Z,11.791,220.9,55.68,0.958,OK
M-110,2026-09-14T10:00:00Z,12.117,219.5,57.15,0.966,OK
M-110,2026-09-14T11:00:00Z,11.366,220.4,53.59,0.962,OK
M-110,2026-09-14T12:00:00Z,11.385,219.6,54.06,0.959,OK
M-110,2026-09-14T13:00:00Z,11.926,219.7,56.44,0.962,OK
M-110,2026-09-14T14:00:00Z,11.526,221,54.43,0.958,OK
M-110,2026-09-14T15:00:00Z,11.373,219.3,54.11,0.959,OK
M-110,2026-09-14T16:00:00Z,11.583,220.4,54.92,0.957,OK
M-110,2026-09-14T17:00:00Z,11.468,220.2,54.39,0.957,OK
M-110,2026-09-14T18:00:00Z,5.754,221.5,27.16,0.957,OK
M-110,2026-09-14T19:00:00Z,5.689,219.8,26.95,0.96,OK
M-110,2026-09-14T20:00:00Z,5.748,220.5,27.07,0.963,OK
M-110,2026-09-14T21:00:00Z,5.777,220.8,27.07,0.966,OK
M-110,2026-09-14T22:00:00Z,4.347,219.5,20.57,0.963,OK
M-110,2026-09-14T23:00:00Z,4.184,218.1,19.87,0.965,OK
M-111,2026-09-01T00:00:00Z,1.248,220.3,6.3,0.9,OK
M-111,2026-09-01T01:00:00Z,1.283,219.8,6.49,0.899,OK
M-111,2026-09-01T02:00:00Z,1.264,220.8,6.34,0.903,OK
M-111,2026-09-01T03:00:00Z,1.272,219.1,6.48,0.896,OK
M-111,2026-09-01T04:00:00Z,1.285,219,6.52,0.901,OK
M-111,2026-09-01T05:00:00Z,1.218,218.8,6.19,0.898,OK
M-111,2026-09-01T06:00:00Z,1.765,220.5,8.88,0.901,OK
M-111,2026-09-01T07:00:00Z,2.38,219.9,11.98,0.903,OK
M-111,2026-09-01T08:00:00Z,3.475,219.6,17.59,0.9,OK
M-111,2026-09-01T09:00:00Z,3.435,220.5,17.24,0.904,OK
M-111,2026-09-01T10:00:00Z,3.473,219.9,17.56,0.899,OK
M-111,2026-09-01T11:00:00Z,3.356,220.6,16.95,0.897,OK
M-111,2026-09-01T12:00:00Z,3.513,220.5,17.65,0.903,OK
M-111,2026-09-01T13:00:00Z,3.436,221.2,17.21,0.903,OK
M-111,2026-09-01T14:00:00Z,3.461,220.7,17.55,0.894,OK
M-111,2026-09-01T15:00:00Z,3.375,219.7,17.05,0.901,OK
M-111,2026-09-01T16:00:00Z,3.352,219.5,17.02,0.897,OK
M-111,2026-09-01T17:00:00Z,3.454,218.3,17.55,0.901,OK
M-111,2026-09-01T18:00:00Z,1.724,220.5,8.74,0.894,OK
M-111,2026-09-01T19:00:00Z,1.634,219.2,8.25,0.904,OK
M-111,2026-09-01T20:00:00Z,1.707,218.8,8.7,0.896,OK
M-111,2026-09-01T21:00:00Z,1.719,220.4,8.62,0.905,OK
M-111,2026-09-01T22:00:00Z,1.277,219.9,6.51,0.892,OK
M-111,2026-09-01T23:00:00Z,1.272,221,6.35,0.906,OK
M-111,2026-09-02T00:00:00Z,1.314,221,6.6,0.9,OK
M-111,2026-09-02T01:00:00Z,1.283,221,6.48,0.895,OK
M-111,2026-09-02T02:00:00Z,1.261,220.5,6.34,0.902,OK
M-111,2026-09-02T03:00:00Z,1.29,220,6.5,0.902,OK
M-111,2026-09-02T04:00:00Z,1.25,219.6,6.33,0.899,OK
M-111,2026-09-02T05:00:00Z,1.253,220.1,6.34,0.897,OK
M-111,2026-09-02T06:00:00Z,1.873,220.6,9.48,0.896,OK
M-111,2026-09-02T07:00:00Z,2.292,219.8,11.71,0.891,OK
M-111,2026-09-02T08:00:00Z,3.451,219.2,17.63,0.893,OK
M-111,2026-09-02T09:00:00Z,3.439,218.2,17.53,0.899,OK
M-111,2026-09-02T10:00:00Z,3.478,218.9,17.54,0.906,OK
M-111,2026-09-02T11:00:00Z,3.622,220,18.15,0.907,OK
M-111,2026-09-02T12:00:00Z,3.417,219.1,17.23,0.905,OK
M-111,2026-09-02T13:00:00Z,3.453,219.5,17.4,0.904,OK
M-111,2026-09-02T14:00:00Z,3.523,218.9,17.77,0.906,OK
M-111,2026-09-02T15:00:00Z,3.454,220.9,17.36,0.901,OK
M-111,2026-09-02T16:00:00Z,3.478,219,17.78,0.893,OK
M-111,2026-09-02T17:00:00Z,3.521,219.5,17.88,0.897,OK
M-111,2026-09-02T18:00:00Z,1.714,220.5,8.67,0.896,OK
M-111,2026-09-02T19:00:00Z,1.675,221.3,8.37,0.904,OK
M-111,2026-09-02T20:00:00Z,1.664,219.8,8.39,0.902,OK
M-111,2026-09-02T21:00:00Z,1.683,220.2,8.49,0.9,OK
M-111,2026-09-02T22:00:00Z,1.261,219.6,6.37,0.902,OK
M-111,2026-09-02T23:00:00Z,1.273,220.2,6.41,0.902,OK
M-111,2026-09-03T00:00:00Z,1.262,220.5,6.34,0.902,OK
M-111,2026-09-03T01:00:00Z,1.257,217.3,6.43,0.9,OK
M-111,2026-09-03T02:00:00Z,1.312,220.8,6.61,0.899,OK
M-111,2026-09-03T03:00:00Z,1.258,220.5,6.31,0.905,OK
M-111,2026-09-03T04:00:00Z,1.272,219.4,6.44,0.9,OK
M-111,2026-09-03T05:00:00Z,1.265,219.5,6.45,0.894,OK
M-111,2026-09-03T06:00:00Z,1.826,219.8,9.24,0.899,OK
M-111,2026-09-03T07:00:00Z,2.292,219.2,11.61,0.901,OK
M-111,2026-09-03T08:00:00Z,3.546,220.5,17.91,0.898,OK
M-111,2026-09-03T09:00:00Z,3.565,219.9,18.2,0.891,OK
M-111,2026-09-03T10:00:00Z,3.426,219.3,17.31,0.902,OK
M-111,2026-09-03T11:00:00Z,3.571,220.1,18.04,0.899,OK
M-111,2026-09-03T12:00:00Z,3.475,219.2,17.58,0.902,OK
M-111,2026-09-03T13:00:00Z,3.427,220.3,17.25,0.902,OK
M-111,2026-09-03T14:00:00Z,3.473,220.5,17.54,0.898,OK
M-111,2026-09-03T15:00:00Z,3.394,221.3,17.09,0.898,OK
M-111,2026-09-03T16:00:00Z,3.443,218.9,17.6,0.894,OK
M-111,2026-09-03T17:00:00Z,3.568,219.8,17.96,0.904,OK
M-111,2026-09-03T18:00:00Z,1.705,221.3,8.51,0.905,OK
M-111,2026-09-03T19:00:00Z,1.612,219.5,8.14,0.903,OK
M-111,2026-09-03T20:00:00Z,1.736,220.6,8.79,0.895,OK
M-111,2026-09-03T21:00:00Z,1.659,220,8.32,0.907,OK
M-111,2026-09-03T22:00:00Z,1.289,219.5,6.53,0.899,OK
M-111,2026-09-03T23:00:00Z,1.271,220.2,6.38,0.906,OK
M-111,2026-09-04T00:00:00Z,1.245,218.7,6.3,0.904,OK
M-111,2026-09-04T01:00:00Z,1.237,219.4,6.28,0.898,OK
M-111,2026-09-04T02:00:00Z,1.274,220.5,6.44,0.896,OK
M-111,2026-09-04T03:00:00Z,1.288,220.6,6.49,0.899,OK
M-111,2026-09-04T04:00:00Z,1.229,221.4,6.16,0.901,OK
M-111,2026-09-04T05:00:00Z,1.262,221.1,6.34,0.9,OK
M-111,2026-09-04T06:00:00Z,1.803,220.7,9.04,0.903,OK
M-111,2026-09-04T07:00:00Z,2.239,218.8,11.32,0.904,OK
M-111,2026-09-04T08:00:00Z,3.359,219.9,16.93,0.902,OK
M-111,2026-09-04T09:00:00Z,3.395,218.6,17.24,0.901,OK
M-111,2026-09-04T10:00:00Z,3.433,219.2,17.57,0.892,OK
M-111,2026-09-04T11:00:00Z,3.421,218.7,17.35,0.901,OK
M-111,2026-09-04T12:00:00Z,3.303,220.9,16.62,0.9,OK
M-111,2026-09-04T13:00:00Z,3.549,219.8,17.9,0.902,OK
M-111,2026-09-04T14:00:00Z,3.431,219.9,17.24,0.905,OK
M-111,2026-09-04T15:00:00Z,3.431,220.6,17.32,0.898,OK
M-111,2026-09-04T16:00:00Z,3.407,218.4,17.17,0.908,OK
M-111,2026-09-04T17:00:00Z,3.49,219.1,17.79,0.895,OK
M-111,2026-09-04T18:00:00Z,1.634,220.3,8.3,0.893,OK
M-111,2026-09-04T19:00:00Z,1.643,221,8.24,0.902,OK
M-111,2026-09-04T20:00:00Z,1.711,220.2,8.69,0.894,OK
M-111,2026-09-04T21:00:00Z,1.631,218.6,8.27,0.902,OK
M-111,2026-09-04T22:00:00Z,1.237,220.9,6.18,0.906,OK
M-111,2026-09-04T23:00:00Z,1.22,219,6.19,0.9,OK
M-111,2026-09-05T00:00:00Z,1.287,220.5,6.5,0.898,OK
M-111,2026-09-05T01:00:00Z,1.24,219.4,6.25,0.904,OK
M-111,2026-09-05T02:00:00Z,1.268,220.1,6.4,0.9,OK
M-111,2026-09-05T03:00:00Z,1.271,218.8,6.44,0.903,OK
M-111,2026-09-05T04:00:00Z,1.255,219.6,6.33,0.903,OK
M-111,2026-09-05T05:00:00Z,1.287,219.4,6.45,0.909,OK
M-111,2026-09-05T06:00:00Z,1.78,220.3,9.02,0.896,OK
M-111,2026-09-05T07:00:00Z,2.371,219.3,11.99,0.901,OK
M-111,2026-09-05T08:00:00Z,3.567,220.9,18.16,0.889,OK
M-111,2026-09-05T09:00:00Z,3.508,219.3,17.75,0.901,OK
M-111,2026-09-05T10:00:00Z,3.526,219.1,17.76,0.906,OK
M-111,2026-09-05T11:00:00Z,3.356,220,16.95,0.9,OK
M-111,2026-09-05T12:00:00Z,3.421,219.1,17.35,0.9,OK
M-111,2026-09-05T13:00:00Z,3.459,219.2,17.52,0.901,OK
M-111,2026-09-05T14:00:00Z,3.394,219.8,17.23,0.896,OK
M-111,2026-09-05T15:00:00Z,3.465,218.8,17.52,0.904,OK
M-111,2026-09-05T16:00:00Z,3.334,219.7,16.8,0.903,OK
M-111,2026-09-05T17:00:00Z,3.443,219.6,17.5,0.896,OK
M-111,2026-09-05T18:00:00Z,1.662,220.7,8.35,0.902,OK
M-111,2026-09-05T19:00:00Z,1.634,220,8.26,0.9,OK
M-111,2026-09-05T20:00:00Z,1.693,219.6,8.47,0.91,OK
M-111,2026-09-05T21:00:00Z,1.655,221.3,8.33,0.898,OK
M-111,2026-09-05T22:00:00Z,1.268,219.4,6.45,0.896,OK
M-111,2026-09-05T23:00:00Z,1.231,220.1,6.2,0.902,OK
M-111,2026-09-06T00:00:00Z,1.302,221.2,6.48,0.907,OK
M-111,2026-09-06T01:00:00Z,1.274,218.7,6.5,0.897,OK
M-111,2026-09-06T02:00:00Z,1.309,219.5,6.67,0.894,OK
M-111,2026-09-06T03:00:00Z,1.281,220.8,6.47,0.896,OK
M-111,2026-09-06T04:00:00Z,1.268,219.8,6.39,0.902,OK
M-111,2026-09-06T05:00:00Z,1.271,219.3,6.47,0.896,OK
M-111,2026-09-06T06:00:00Z,1.83,219.5,9.36,0.89,OK
M-111,2026-09-06T07:00:00Z,2.322,219.3,11.72,0.903,OK
M-111,2026-09-06T08:00:00Z,3.414,219.1,17.36,0.898,OK
M-111,2026-09-06T09:00:00Z,3.491,219.6,17.68,0.899,OK
M-111,2026-09-06T10:00:00Z,3.547,221.4,17.76,0.902,OK
M-111,2026-09-06T11:00:00Z,3.471,221.2,17.28,0.908,OK
M-111,2026-09-06T12:00:00Z,3.352,219.8,17,0.897,OK
M-111,2026-09-06T13:00:00Z,3.425,220.2,17.2,0.904,OK
M-111,2026-09-06T14:00:00Z,3.502,219.7,17.85,0.893,OK
M-111,2026-09-06T15:00:00Z,3.463,220.5,17.47,0.899,OK
M-111,2026-09-06T16:00:00Z,3.464,221.4,17.38,0.9,OK
M-111,2026-09-06T17:00:00Z,3.509,219.5,17.75,0.901,OK
M-111,2026-09-06T18:00:00Z,1.689,220.3,8.53,0.898,OK
M-111,2026-09-06T19:00:00Z,1.686,219.2,8.59,0.896,OK
M-111,2026-09-06T20:00:00Z,1.69,218.4,8.52,0.908,OK
M-111,2026-09-06T21:00:00Z,1.667,219.6,8.44,0.9,OK
M-111,2026-09-06T22:00:00Z,1.299,221.4,6.5,0.903,OK
M-111,2026-09-06T23:00:00Z,1.281,219.1,6.5,0.9,OK
M-111,2026-09-07T00:00:00Z,1.259,219.2,6.34,0.906,OK
M-111,2026-09-07T01:00:00Z,1.28,219.7,6.53,0.892,OK
M-111,2026-09-07T02:00:00Z,1.298,220.8,6.53,0.9,OK
M-111,2026-09-07T03:00:00Z,1.249,220.6,6.29,0.899,OK
M-111,2026-09-07T04:00:00Z,1.222,219,6.17,0.904,OK
M-111,2026-09-07T05:00:00Z,1.279,219.1,6.55,0.891,OK
M-111,2026-09-07T06:00:00Z,1.834,219.9,9.24,0.903,OK
M-111,2026-09-07T07:00:00Z,2.331,219.4,11.88,0.895,OK
M-111,2026-09-07T08:00:00Z,3.394,219.3,17.14,0.903,OK
M-111,2026-09-07T09:00:00Z,3.431,220.2,17.3,0.901,OK
M-111,2026-09-07T10:00:00Z,3.498,219.8,17.66,0.902,OK
M-111,2026-09-07T11:00:00Z,3.477,220.5,17.66,0.893,OK
M-111,2026-09-07T12:00:00Z,3.482,220.7,17.51,0.901,OK
M-111,2026-09-07T13:00:00Z,3.475,220,17.48,0.904,OK
M-111,2026-09-07T14:00:00Z,3.368,220.1,16.95,0.903,OK
M-111,2026-09-07T15:00:00Z,3.403,219,17.33,0.897,OK
M-111,2026-09-07T16:00:00Z,3.499,218.9,17.71,0.903,OK
M-111,2026-09-07T17:00:00Z,3.452,220.8,17.36,0.901,OK
M-111,2026-09-07T18:00:00Z,1.703,220.4,8.48,0.911,OK
M-111,2026-09-07T19:00:00Z,1.685,219.5,8.61,0.892,OK
M-111,2026-09-07T20:00:00Z,1.747,219.6,8.82,0.902,OK
M-111,2026-09-07T21:00:00Z,1.643,220.6,8.28,0.899,OK
M-111,2026-09-07T22:00:00Z,1.239,219.8,6.32,0.893,OK
M-111,2026-09-07T23:00:00Z,1.266,220.1,6.38,0.902,OK
M-111,2026-09-08T00:00:00Z,1.277,218.9,6.53,0.893,OK
M-111,2026-09-08T01:00:00Z,1.294,219.4,6.55,0.901,OK
M-111,2026-09-08T02:00:00Z,1.225,221.4,6.14,0.901,OK
M-111,2026-09-08T03:00:00Z,1.196,219.3,6.02,0.906,OK
M-111,2026-09-08T04:00:00Z,1.22,220.3,6.17,0.897,OK
M-111,2026-09-08T05:00:00Z,1.264,219.1,6.41,0.899,OK
M-111,2026-09-08T06:00:00Z,1.744,219.1,8.86,0.898,OK
M-111,2026-09-08T07:00:00Z,2.203,220.6,11.17,0.894,OK
M-111,2026-09-08T08:00:00Z,3.328,219.7,16.82,0.9,OK
M-111,2026-09-08T09:00:00Z,3.304,219.1,16.71,0.903,OK
M-111,2026-09-08T10:00:00Z,3.296,219.7,16.64,0.901,OK
M-111,2026-09-08T11:00:00Z,3.306,218.3,16.81,0.901,OK
M-111,2026-09-08T12:00:00Z,3.359,220.7,17.08,0.892,OK
M-111,2026-09-08T13:00:00Z,3.311,219.4,16.95,0.891,OK
M-111,2026-09-08T14:00:00Z,3.421,220.7,17.28,0.897,OK
M-111,2026-09-08T15:00:00Z,3.403,219.5,17.14,0.905,OK
M-111,2026-09-08T16:00:00Z,3.386,219.7,17.24,0.894,OK
M-111,2026-09-08T17:00:00Z,3.384,219.4,17.22,0.896,OK
M-111,2026-09-08T18:00:00Z,1.618,220.6,8.18,0.896,OK
M-111,2026-09-08T19:00:00Z,1.582,220.7,7.92,0.905,OK
M-111,2026-09-08T20:00:00Z,1.636,219.8,8.27,0.9,OK
M-111,2026-09-08T21:00:00Z,1.662,219.7,8.44,0.896,OK
M-111,2026-09-08T22:00:00Z,1.264,220,6.34,0.905,OK
M-111,2026-09-08T23:00:00Z,1.237,220.2,6.27,0.896,OK
M-111,2026-09-09T00:00:00Z,1.28,219.4,6.49,0.899,OK
M-111,2026-09-09T01:00:00Z,1.231,219.1,6.21,0.905,OK
M-111,2026-09-09T02:00:00Z,1.305,219.5,6.62,0.898,OK
M-111,2026-09-09T03:00:00Z,1.207,219.8,6.11,0.899,OK
M-111,2026-09-09T04:00:00Z,1.2,219,6.1,0.899,OK
M-111,2026-09-09T05:00:00Z,1.285,221,6.42,0.906,OK
M-111,2026-09-09T06:00:00Z,1.747,221.3,8.72,0.905,OK
M-111,2026-09-09T07:00:00Z,2.371,220.2,11.9,0.905,OK
M-111,2026-09-09T08:00:00Z,3.395,218.8,17.23,0.9,OK
M-111,2026-09-09T09:00:00Z,3.398,220.3,17.12,0.901,OK
M-111,2026-09-09T10:00:00Z,3.33,221.6,16.66,0.902,OK
M-111,2026-09-09T11:00:00Z,3.349,218.9,17.01,0.9,OK
M-111,2026-09-09T12:00:00Z,3.365,218.8,17.08,0.9,OK
M-111,2026-09-09T13:00:00Z,3.365,219.2,17.09,0.898,OK
M-111,2026-09-09T14:00:00Z,3.301,219.1,16.83,0.895,OK
M-111,2026-09-09T15:00:00Z,3.305,219.3,16.76,0.899,OK
M-111,2026-09-09T16:00:00Z,3.378,218.2,17.29,0.895,OK
M-111,2026-09-09T17:00:00Z,3.454,220,17.46,0.899,OK
M-111,2026-09-09T18:00:00Z,1.661,220.8,8.31,0.905,OK
M-111,2026-09-09T19:00:00Z,1.662,219,8.44,0.9,OK
M-111,2026-09-09T20:00:00Z,1.643,220.4,8.23,0.905,OK
M-111,2026-09-09T21:00:00Z,1.663,218.9,8.44,0.9,OK
M-111,2026-09-09T22:00:00Z,1.278,219.8,6.5,0.894,OK
M-111,2026-09-09T23:00:00Z,1.239,219.9,6.25,0.901,OK
M-111,2026-09-10T00:00:00Z,1.246,219.2,6.35,0.895,OK
M-111,2026-09-10T01:00:00Z,1.263,221.2,6.37,0.897,OK
M-111,2026-09-10T02:00:00Z,1.22,219.4,6.16,0.903,OK
M-111,2026-09-10T03:00:00Z,1.24,220.7,6.21,0.905,OK
M-111,2026-09-10T04:00:00Z,1.246,220,6.26,0.905,OK
M-111,2026-09-10T05:00:00Z,1.23,219.6,6.22,0.901,OK
M-111,2026-09-10T06:00:00Z,1.702,220,8.55,0.904,OK
M-111,2026-09-10T07:00:00Z,2.262,220.4,11.39,0.901,OK
M-111,2026-09-10T08:00:00Z,3.403,221.1,17.07,0.902,OK
M-111,2026-09-10T09:00:00Z,3.379,219.6,16.99,0.906,OK
M-111,2026-09-10T10:00:00Z,3.351,220.4,16.98,0.895,OK
M-111,2026-09-10T11:00:00Z,3.314,221.5,16.59,0.902,OK
M-111,2026-09-10T12:00:00Z,3.375,220.8,16.96,0.901,OK
M-111,2026-09-10T13:00:00Z,3.481,220.8,17.64,0.894,OK
M-111,2026-09-10T14:00:00Z,3.286,220.3,16.59,0.899,OK
M-111,2026-09-10T15:00:00Z,3.437,219.4,17.42,0.899,OK
M-111,2026-09-10T16:00:00Z,3.287,219.9,16.72,0.894,OK
M-111,2026-09-10T17:00:00Z,3.359,220.6,16.76,0.909,OK
M-111,2026-09-10T18:00:00Z,1.603,221.3,8.05,0.9,OK
M-111,2026-09-10T19:00:00Z,1.656,219.9,8.33,0.904,OK
M-111,2026-09-10T20:00:00Z,1.68,221.1,8.52,0.892,OK
M-111,2026-09-10T21:00:00Z,1.615,218.9,8.2,0.9,OK
M-111,2026-09-10T22:00:00Z,1.236,219.7,6.21,0.906,OK
M-111,2026-09-10T23:00:00Z,1.216,220.1,6.12,0.903,OK
M-111,2026-09-11T00:00:00Z,1.274,219.8,6.4,0.905,OK
M-111,2026-09-11T01:00:00Z,1.221,218.8,6.2,0.9,OK
M-111,2026-09-11T02:00:00Z,1.24,219.7,6.25,0.903,OK
M-111,2026-09-11T03:00:00Z,1.232,220.6,6.24,0.895,OK
M-111,2026-09-11T04:00:00Z,1.242,221.2,6.19,0.908,OK
M-111,2026-09-11T05:00:00Z,1.22,219,6.24,0.892,OK
M-111,2026-09-11T06:00:00Z,1.777,221,8.92,0.901,OK
M-111,2026-09-11T07:00:00Z,2.24,220.2,11.26,0.904,OK
M-111,2026-09-11T08:00:00Z,3.457,220,17.45,0.901,OK
M-111,2026-09-11T09:00:00Z,3.441,220.6,17.43,0.895,OK
M-111,2026-09-11T10:00:00Z,3.307,218.3,16.92,0.896,OK
M-111,2026-09-11T11:00:00Z,3.401,219.7,17.25,0.898,OK
M-111,2026-09-11T12:00:00Z,3.309,221.2,16.65,0.899,OK
M-111,2026-09-11T13:00:00Z,3.319,220,16.89,0.893,OK
M-111,2026-09-11T14:00:00Z,3.251,220.2,16.46,0.897,OK
M-111,2026-09-11T15:00:00Z,3.347,220.2,16.96,0.896,OK
M-111,2026-09-11T16:00:00Z,3.401,220.9,17.19,0.896,OK
M-111,2026-09-11T17:00:00Z,3.316,220.2,16.7,0.902,OK
M-111,2026-09-11T18:00:00Z,1.613,219.4,8.16,0.901,OK
M-111,2026-09-11T19:00:00Z,1.636,218.7,8.32,0.899,OK
M-111,2026-09-11T20:00:00Z,1.675,219.7,8.52,0.895,OK
M-111,2026-09-11T21:00:00Z,1.665,220.7,8.4,0.899,OK
M-111,2026-09-11T22:00:00Z,1.254,219.2,6.4,0.894,OK
M-111,2026-09-11T23:00:00Z,1.262,220.6,6.33,0.904,OK
M-111,2026-09-12T00:00:00Z,1.235,222.3,6.14,0.905,OK
M-111,2026-09-12T01:00:00Z,1.203,219.3,6.13,0.895,OK
M-111,2026-09-12T02:00:00Z,1.264,220.7,6.42,0.892,OK
M-111,2026-09-12T03:00:00Z,1.291,219.8,6.51,0.902,OK
M-111,2026-09-12T04:00:00Z,1.232,220.1,6.2,0.903,OK
M-111,2026-09-12T05:00:00Z,1.267,220.9,6.41,0.895,OK
M-111,2026-09-12T06:00:00Z,1.757,220.4,8.77,0.909,OK
M-111,2026-09-12T07:00:00Z,2.298,220.8,11.59,0.898,OK
M-111,2026-09-12T08:00:00Z,3.343,220.6,16.85,0.899,OK
M-111,2026-09-12T09:00:00Z,3.432,220.1,17.3,0.901,OK
M-111,2026-09-12T10:00:00Z,3.437,220.1,17.6,0.887,OK
M-111,2026-09-12T11:00:00Z,3.393,221.7,17,0.9,OK
M-111,2026-09-12T12:00:00Z,3.319,219.1,16.86,0.899,OK
M-111,2026-09-12T13:00:00Z,3.355,221.3,16.81,0.902,OK
M-111,2026-09-12T14:00:00Z,3.338,219.3,16.86,0.902,OK
M-111,2026-09-12T15:00:00Z,3.386,220.6,17.06,0.9,OK
M-111,2026-09-12T16:00:00Z,3.293,219.5,16.71,0.898,OK
M-111,2026-09-12T17:00:00Z,3.234,219.3,16.28,0.906,OK
M-111,2026-09-12T18:00:00Z,1.662,219.7,8.37,0.904,OK
M-111,2026-09-12T19:00:00Z,1.643,220.5,8.28,0.9,OK
M-111,2026-09-12T20:00:00Z,1.634,221.3,8.21,0.899,OK
M-111,2026-09-12T21:00:00Z,1.639,219.8,8.31,0.897,OK
M-111,2026-09-12T22:00:00Z,1.279,220.5,6.37,0.911,OK
M-111,2026-09-12T23:00:00Z,1.222,220.6,6.17,0.899,OK
M-111,2026-09-13T00:00:00Z,1.212,220.8,6.11,0.898,OK
M-111,2026-09-13T01:00:00Z,1.252,218.6,6.38,0.898,OK
M-111,2026-09-13T02:00:00Z,1.222,220.9,6.16,0.898,OK
M-111,2026-09-13T03:00:00Z,1.224,220.2,6.13,0.907,OK
M-111,2026-09-13T04:00:00Z,1.265,219.9,6.41,0.898,OK
M-111,2026-09-13T05:00:00Z,1.275,220.6,6.46,0.895,OK
M-111,2026-09-13T06:00:00Z,1.826,219.8,9.16,0.907,OK
M-111,2026-09-13T07:00:00Z,2.328,220,11.75,0.901,OK
M-111,2026-09-13T08:00:00Z,3.409,219.3,17.27,0.9,OK
M-111,2026-09-13T09:00:00Z,3.301,220.1,16.58,0.904,OK
M-111,2026-09-13T10:00:00Z,3.306,219.9,16.65,0.903,OK
M-111,2026-09-13T11:00:00Z,3.381,220.1,17.11,0.898,OK
M-111,2026-09-13T12:00:00Z,3.421,221.2,17.22,0.898,OK
M-111,2026-09-13T13:00:00Z,3.371,220.3,17.03,0.899,OK
M-111,2026-09-13T14:00:00Z,3.317,219.3,16.83,0.899,OK
M-111,2026-09-13T15:00:00Z,3.308,220,16.69,0.901,OK
M-111,2026-09-13T16:00:00Z,3.3,219.8,16.67,0.9,OK
M-111,2026-09-13T17:00:00Z,3.382,219.4,17.15,0.899,OK
M-111,2026-09-13T18:00:00Z,1.662,219.2,8.46,0.896,OK
M-111,2026-09-13T19:00:00Z,1.615,220.2,8.14,0.9,OK
M-111,2026-09-13T20:00:00Z,1.665,220,8.36,0.905,OK
M-111,2026-09-13T21:00:00Z,1.635,219.9,8.37,0.888,OK
M-111,2026-09-13T22:00:00Z,1.261,219.1,6.37,0.902,OK
M-111,2026-09-13T23:00:00Z,1.255,219.9,6.29,0.908,OK
M-111,2026-09-14T00:00:00Z,1.256,220.3,6.3,0.905,OK
M-111,2026-09-14T01:00:00Z,1.204,220.7,6.08,0.897,OK
M-111,2026-09-14T02:00:00Z,1.264,220.5,6.4,0.895,OK
M-111,2026-09-14T03:00:00Z,1.212,219.4,6.08,0.909,OK
M-111,2026-09-14T04:00:00Z,1.215,219.5,6.15,0.899,OK
M-111,2026-09-14T05:00:00Z,1.19,219.4,6.04,0.898,OK
M-111,2026-09-14T06:00:00Z,1.753,220.2,8.82,0.903,OK
M-111,2026-09-14T07:00:00Z,2.332,220.7,11.77,0.898,OK
M-111,2026-09-14T08:00:00Z,3.418,220.6,17.27,0.897,OK
M-111,2026-09-14T09:00:00Z,3.326,220.4,16.75,0.901,OK
M-111,2026-09-14T10:00:00Z,3.387,221.1,17.05,0.898,OK
M-111,2026-09-14T11:00:00Z,3.363,220.4,17.07,0.894,OK
M-111,2026-09-14T12:00:00Z,3.534,217.9,18.04,0.899,OK
M-111,2026-09-14T13:00:00Z,3.449,220.5,17.38,0.9,OK
M-111,2026-09-14T14:00:00Z,3.466,219.3,17.65,0.896,OK
M-111,2026-09-14T15:00:00Z,3.435,219.5,17.42,0.899,OK
M-111,2026-09-14T16:00:00Z,3.434,219.9,17.34,0.901,OK
M-111,2026-09-14T17:00:00Z,3.287,218.3,16.73,0.9,OK
M-111,2026-09-14T18:00:00Z,1.65,219.8,8.29,0.905,OK
M-111,2026-09-14T19:00:00Z,1.608,220,8.16,0.896,OK
M-111,2026-09-14T20:00:00Z,1.662,219.6,8.39,0.902,OK
M-111,2026-09-14T21:00:00Z,1.708,218.8,8.68,0.899,OK
M-111,2026-09-14T22:00:00Z,1.195,220.3,6.02,0.9,OK
M-111,2026-09-14T23:00:00Z,1.277,219.8,6.51,0.893,OK
M-112,2026-09-01T00:00:00Z,2.208,218.7,10.99,0.919,OK
M-112,2026-09-01T01:00:00Z,2.286,220.5,11.22,0.924,OK
M-112,2026-09-01T02:00:00Z,2.345,219.1,11.72,0.913,OK
M-112,2026-09-01T03:00:00Z,2.289,220.9,16.34,0.92,OK
M-112,2026-09-01T04:00:00Z,2.389,220.1,11.83,0.917,OK
M-112,2026-09-01T05:00:00Z,2.252,219.9,11.08,0.924,OK
M-112,2026-09-01T06:00:00Z,3.329,220.7,16.41,0.919,OK
M-112,2026-09-01T07:00:00Z,4.236,219.9,20.9,0.922,OK
M-112,2026-09-01T08:00:00Z,6.447,219.6,31.86,0.922,OK
M-112,2026-09-01T09:00:00Z,6.074,219.3,30.22,0.916,OK
M-112,2026-09-01T10:00:00Z,6.097,220.1,30.14,0.919,OK
M-112,2026-09-01T11:00:00Z,6.103,219.9,44.13,0.912,OK
M-112,2026-09-01T12:00:00Z,6.203,219,30.69,0.923,OK
M-112,2026-09-01T13:00:00Z,6.284,219,30.86,0.93,OK
M-112,2026-09-01T14:00:00Z,6.094,220.6,30.15,0.916,OK
M-112,2026-09-01T15:00:00Z,6.192,221.4,30.63,0.913,OK
M-112,2026-09-01T16:00:00Z,6.271,220.6,30.86,0.921,OK
M-112,2026-09-01T17:00:00Z,5.97,219.7,29.71,0.915,OK
M-112,2026-09-01T18:00:00Z,3.11,220.4,15.28,0.924,OK
M-112,2026-09-01T19:00:00Z,3.034,221.1,21.68,0.918,OK
M-112,2026-09-01T20:00:00Z,2.974,220,14.66,0.922,OK
M-112,2026-09-01T21:00:00Z,3.002,221.7,14.67,0.923,OK
M-112,2026-09-01T22:00:00Z,2.262,219.4,11.31,0.912,OK
M-112,2026-09-01T23:00:00Z,2.399,219.6,11.92,0.917,OK
M-112,2026-09-02T00:00:00Z,2.222,219.1,11.01,0.921,OK
M-112,2026-09-02T01:00:00Z,2.244,220,11.1,0.918,OK
M-112,2026-09-02T02:00:00Z,2.27,219,11.24,0.922,OK
M-112,2026-09-02T03:00:00Z,2.251,220.6,16.07,0.921,OK
M-112,2026-09-02T04:00:00Z,2.229,219.8,11.03,0.919,OK
M-112,2026-09-02T05:00:00Z,2.329,219.1,11.49,0.925,OK
M-112,2026-09-02T06:00:00Z,3.353,219,16.69,0.917,OK
M-112,2026-09-02T07:00:00Z,4.348,219.2,21.61,0.918,OK
M-112,2026-09-02T08:00:00Z,6.015,220.4,29.49,0.926,OK
M-112,2026-09-02T09:00:00Z,6.177,220.8,30.26,0.924,OK
M-112,2026-09-02T10:00:00Z,6.198,219.9,30.67,0.919,OK
M-112,2026-09-02T11:00:00Z,6.129,220.3,43.64,0.925,OK
M-112,2026-09-02T12:00:00Z,6.053,219.1,30.01,0.921,OK
M-112,2026-09-02T13:00:00Z,6.061,220,30.02,0.918,OK
M-112,2026-09-02T14:00:00Z,6.048,219.6,29.94,0.92,OK
M-112,2026-09-02T15:00:00Z,6.39,220.6,31.47,0.92,OK
M-112,2026-09-02T16:00:00Z,6.282,220.7,30.88,0.922,OK
M-112,2026-09-02T17:00:00Z,5.91,220.4,28.99,0.925,OK
M-112,2026-09-02T18:00:00Z,2.973,220.5,14.74,0.915,OK
M-112,2026-09-02T19:00:00Z,3.019,221,21.66,0.915,OK
M-112,2026-09-02T20:00:00Z,2.981,220.7,14.69,0.919,OK
M-112,2026-09-02T21:00:00Z,3.008,220.8,14.81,0.92,OK
M-112,2026-09-02T22:00:00Z,2.3,220.2,11.36,0.919,OK
M-112,2026-09-02T23:00:00Z,2.375,218.9,11.78,0.921,OK
M-112,2026-09-03T00:00:00Z,2.276,220.3,11.26,0.917,OK
M-112,2026-09-03T01:00:00Z,2.332,220.7,11.55,0.915,OK
M-112,2026-09-03T02:00:00Z,2.268,220.9,11.14,0.921,OK
M-112,2026-09-03T03:00:00Z,2.336,219.6,16.88,0.914,OK
M-112,2026-09-03T04:00:00Z,2.308,220.1,11.45,0.916,OK
M-112,2026-09-03T05:00:00Z,2.348,220.3,11.52,0.925,OK
M-112,2026-09-03T06:00:00Z,3.434,218.5,17.06,0.922,OK
M-112,2026-09-03T07:00:00Z,4.15,220.8,20.39,0.922,OK
M-112,2026-09-03T08:00:00Z,6.391,219.8,31.54,0.922,OK
M-112,2026-09-03T09:00:00Z,6.314,219.2,31.07,0.927,OK
M-112,2026-09-03T10:00:00Z,6.278,220.6,30.67,1.06,SUSPECT
M-112,2026-09-03T11:00:00Z,6.191,220.3,44.22,0.922,OK
M-112,2026-09-03T12:00:00Z,6.16,219.5,30.42,0.922,OK
M-112,2026-09-03T13:00:00Z,6.222,219.6,30.79,0.92,OK
M-112,2026-09-03T14:00:00Z,6.209,0,30.68,0.923,SUSPECT
M-112,2026-09-03T15:00:00Z,6.159,219.4,30.5,0.921,OK
M-112,2026-09-03T16:00:00Z,6.437,220,31.99,0.915,OK
M-112,2026-09-03T17:00:00Z,6.302,219.5,31.27,0.918,OK
M-112,2026-09-03T18:00:00Z,3.084,219.5,15.32,0.917,OK
M-112,2026-09-03T19:00:00Z,2.976,218.7,21.37,0.923,OK
M-112,2026-09-03T20:00:00Z,2.959,220.1,14.7,0.915,OK
M-112,2026-09-03T21:00:00Z,3.123,221.3,15.33,0.921,OK
M-112,2026-09-03T22:00:00Z,2.342,221.7,11.46,0.922,OK
M-112,2026-09-03T23:00:00Z,2.232,218.5,11.12,0.919,OK
M-112,2026-09-04T00:00:00Z,2.336,220,11.65,0.912,OK
M-112,2026-09-04T01:00:00Z,2.325,219.4,11.57,1.06,SUSPECT
M-112,2026-09-04T02:00:00Z,2.263,220,11.22,0.916,OK
M-112,2026-09-04T03:00:00Z,2.285,218.6,16.51,0.918,OK
M-112,2026-09-04T04:00:00Z,2.202,220.7,10.88,0.917,OK
M-112,2026-09-04T05:00:00Z,2.253,219.2,11.19,0.918,OK
M-112,2026-09-04T06:00:00Z,3.205,218.8,15.82,0.926,OK
M-112,2026-09-04T07:00:00Z,4.318,220.1,21.4,0.917,OK
M-112,2026-09-04T08:00:00Z,6.084,221,30.02,0.917,OK
M-112,2026-09-04T09:00:00Z,6.303,219.4,31.4,0.915,OK
M-112,2026-09-04T10:00:00Z,6.385,220.2,31.7,0.915,OK
M-112,2026-09-04T11:00:00Z,6.244,220.4,44.24,0.928,OK
M-112,2026-09-04T12:00:00Z,6.346,219.7,31.43,0.919,OK
M-112,2026-09-04T13:00:00Z,6.076,219.3,30.15,0.919,OK
M-112,2026-09-04T14:00:00Z,6.471,219.4,31.99,0.922,OK
M-112,2026-09-04T15:00:00Z,6.198,219.9,30.42,0.927,OK
M-112,2026-09-04T16:00:00Z,6.164,218.9,30.75,1.06,SUSPECT
M-112,2026-09-04T17:00:00Z,5.915,220.4,29.12,0.922,OK
M-112,2026-09-04T18:00:00Z,3.093,220.5,15.22,0.922,OK
M-112,2026-09-04T19:00:00Z,3.009,220.5,21.47,0.922,OK
M-112,2026-09-04T20:00:00Z,3.1,217.9,15.52,0.917,OK
M-112,2026-09-04T21:00:00Z,2.886,219.1,14.38,0.916,OK
M-112,2026-09-04T22:00:00Z,2.326,221.4,11.47,0.916,OK
M-112,2026-09-04T23:00:00Z,2.247,220.5,11.05,0.922,OK
M-112,2026-09-05T00:00:00Z,2.209,219.4,10.9,0.924,OK
M-112,2026-09-05T01:00:00Z,2.3,219.5,11.32,0.926,OK
M-112,2026-09-05T02:00:00Z,2.369,220.6,11.74,0.915,OK
M-112,2026-09-05T03:00:00Z,2.339,219.7,16.83,0.917,OK
M-112,2026-09-05T04:00:00Z,2.242,218.5,11.21,0.915,OK
M-112,2026-09-05T05:00:00Z,2.251,220,11.17,0.916,OK
M-112,2026-09-05T06:00:00Z,3.285,221.4,16.13,0.92,OK
M-112,2026-09-05T07:00:00Z,4.131,219.3,20.49,1.06,SUSPECT
M-112,2026-09-05T08:00:00Z,6.238,219.7,30.72,0.924,OK
M-112,2026-09-05T09:00:00Z,6.132,221.1,30.45,0.911,OK
M-112,2026-09-05T10:00:00Z,6.172,220.9,30.31,0.922,OK
M-112,2026-09-05T11:00:00Z,6.126,220.2,43.9,0.919,OK
M-112,2026-09-05T12:00:00Z,6.286,218.6,31.35,0.917,OK
M-112,2026-09-05T13:00:00Z,6.312,219.8,31.16,0.922,OK
M-112,2026-09-05T14:00:00Z,6.167,0,30.66,0.915,SUSPECT
M-112,2026-09-05T15:00:00Z,6.194,221.3,30.37,0.922,OK
M-112,2026-09-05T16:00:00Z,6.25,219.2,31.08,0.917,OK
M-112,2026-09-05T17:00:00Z,6.153,220.2,30.41,0.919,OK
M-112,2026-09-05T18:00:00Z,2.996,220.7,14.77,0.919,OK
M-112,2026-09-05T19:00:00Z,2.952,220.8,21.01,0.923,OK
M-112,2026-09-05T20:00:00Z,2.932,220.1,14.51,0.918,OK
M-112,2026-09-05T21:00:00Z,3.113,219.8,15.38,0.921,OK
M-112,2026-09-05T22:00:00Z,2.292,220.4,11.36,1.06,SUSPECT
M-112,2026-09-05T23:00:00Z,2.275,219.7,11.24,0.921,OK
M-112,2026-09-06T00:00:00Z,2.342,218.9,11.58,0.924,OK
M-112,2026-09-06T01:00:00Z,2.337,220.9,11.46,0.923,OK
M-112,2026-09-06T02:00:00Z,2.356,219.3,11.68,0.92,OK
M-112,2026-09-06T03:00:00Z,2.298,219.3,16.47,0.922,OK
M-112,2026-09-06T04:00:00Z,2.328,220.1,11.47,0.922,OK
M-112,2026-09-06T05:00:00Z,2.328,219.7,11.48,0.923,OK
M-112,2026-09-06T06:00:00Z,3.28,219.5,16.17,0.924,OK
M-112,2026-09-06T07:00:00Z,4.17,219.9,20.51,0.925,OK
M-112,2026-09-06T08:00:00Z,6.204,219.8,30.61,0.922,OK
M-112,2026-09-06T09:00:00Z,6.311,219,31.28,0.921,OK
M-112,2026-09-06T10:00:00Z,6.328,220.6,31.11,0.922,OK
M-112,2026-09-06T11:00:00Z,6.049,219.3,43.44,0.921,OK
M-112,2026-09-06T12:00:00Z,6.081,220.2,29.83,0.926,OK
M-112,2026-09-06T13:00:00Z,6.171,219.9,30.48,1.06,SUSPECT
M-112,2026-09-06T14:00:00Z,6.416,219.5,31.92,0.916,OK
M-112,2026-09-06T15:00:00Z,5.971,220.2,29.5,0.919,OK
M-112,2026-09-06T16:00:00Z,6.548,218.9,32.48,0.921,OK
M-112,2026-09-06T17:00:00Z,6.196,219.2,30.86,0.916,OK
M-112,2026-09-06T18:00:00Z,3.028,219.3,15,0.921,OK
M-112,2026-09-06T19:00:00Z,3.015,219.1,21.57,0.925,OK
M-112,2026-09-06T20:00:00Z,3.124,218.9,15.55,0.918,OK
M-112,2026-09-06T21:00:00Z,2.997,219.4,14.81,0.922,OK
M-112,2026-09-06T22:00:00Z,2.324,218,11.57,0.922,OK
M-112,2026-09-06T23:00:00Z,2.305,221.1,11.28,0.925,OK
M-112,2026-09-07T00:00:00Z,2.255,219.2,11.2,0.919,OK
M-112,2026-09-07T01:00:00Z,2.323,220.7,11.45,0.919,OK
M-112,2026-09-07T02:00:00Z,2.316,218.9,11.41,0.928,OK
M-112,2026-09-07T03:00:00Z,2.316,219.9,16.63,0.918,OK
M-112,2026-09-07T04:00:00Z,2.151,220,10.58,1.06,SUSPECT
M-112,2026-09-07T05:00:00Z,2.311,221.7,11.27,0.925,OK
M-112,2026-09-07T06:00:00Z,3.245,221.8,15.96,0.916,OK
M-112,2026-09-07T07:00:00Z,4.298,218.6,21.21,0.927,OK
M-112,2026-09-07T08:00:00Z,6.275,219.9,31.13,0.917,OK
M-112,2026-09-07T09:00:00Z,6.132,219.8,30.34,0.919,OK
M-112,2026-09-07T10:00:00Z,6.125,219.3,30.37,0.92,OK
M-112,2026-09-07T11:00:00Z,6.088,220.8,43.6,0.917,OK
M-112,2026-09-07T12:00:00Z,6.146,221.6,30.19,0.919,OK
M-112,2026-09-07T13:00:00Z,6.235,220.3,30.79,0.919,OK
M-112,2026-09-07T14:00:00Z,5.911,0,29.15,0.919,SUSPECT
M-112,2026-09-07T15:00:00Z,6.327,220.5,31.29,0.917,OK
M-112,2026-09-07T16:00:00Z,6.196,220.1,30.71,0.917,OK
M-112,2026-09-07T17:00:00Z,6.002,218.7,29.89,0.918,OK
M-112,2026-09-07T18:00:00Z,3.066,220.2,15.12,0.921,OK
M-112,2026-09-07T19:00:00Z,3.066,219,22.19,1.06,SUSPECT
M-112,2026-09-07T20:00:00Z,2.954,218.9,14.66,0.92,OK
M-112,2026-09-07T21:00:00Z,3.039,221.4,14.87,0.923,OK
M-112,2026-09-07T22:00:00Z,2.258,219.8,11.18,0.918,OK
M-112,2026-09-07T23:00:00Z,2.305,219.1,11.42,0.921,OK
M-112,2026-09-08T00:00:00Z,2.324,221,11.4,0.923,OK
M-112,2026-09-08T01:00:00Z,2.219,218.7,10.89,0.932,OK
M-112,2026-09-08T02:00:00Z,2.234,219.6,11.08,0.918,OK
M-112,2026-09-08T03:00:00Z,2.243,220.9,16.06,0.917,OK
M-112,2026-09-08T04:00:00Z,2.235,220.5,11.08,0.915,OK
M-112,2026-09-08T05:00:00Z,2.263,218.6,11.21,0.923,OK
M-112,2026-09-08T06:00:00Z,3.224,219.6,16.08,0.913,OK
M-112,2026-09-08T07:00:00Z,4.233,220.6,20.87,0.92,OK
M-112,2026-09-08T08:00:00Z,5.985,221.1,29.42,0.92,OK
M-112,2026-09-08T09:00:00Z,6.131,222.2,30.07,0.918,OK
M-112,2026-09-08T10:00:00Z,6.174,219.7,30.43,1.06,SUSPECT
M-112,2026-09-08T11:00:00Z,6.018,221.4,43,0.916,OK
M-112,2026-09-08T12:00:00Z,6.196,220.6,30.58,0.918,OK
M-112,2026-09-08T13:00:00Z,6.26,218.6,31.02,0.923,OK
M-112,2026-09-08T14:00:00Z,6.209,219.5,30.97,0.913,OK
M-112,2026-09-08T15:00:00Z,6.226,219.2,30.76,0.923,OK
M-112,2026-09-08T16:00:00Z,6.19,220.6,30.38,0.924,OK
M-112,2026-09-08T17:00:00Z,6.188,221.1,30.28,0.924,OK
M-112,2026-09-08T18:00:00Z,2.906,219.9,14.28,0.925,OK
M-112,2026-09-08T19:00:00Z,2.992,220.1,21.36,0.923,OK
M-112,2026-09-08T20:00:00Z,3.017,219.4,14.98,0.918,OK
M-112,2026-09-08T21:00:00Z,2.952,220.6,14.57,0.918,OK
M-112,2026-09-08T22:00:00Z,2.335,219.2,11.63,0.916,OK
M-112,2026-09-08T23:00:00Z,2.284,221.5,11.18,0.922,OK
M-112,2026-09-09T00:00:00Z,2.206,221.8,10.77,0.924,OK
M-112,2026-09-09T01:00:00Z,2.303,220.3,11.37,1.06,SUSPECT
M-112,2026-09-09T02:00:00Z,2.303,218.7,11.37,0.926,OK
M-112,2026-09-09T03:00:00Z,2.274,220.3,16.27,0.92,OK
M-112,2026-09-09T04:00:00Z,2.288,220.7,11.31,0.916,OK
M-112,2026-09-09T05:00:00Z,2.329,220.7,11.5,0.918,OK
M-112,2026-09-09T06:00:00Z,3.186,220.1,15.69,0.922,OK
M-112,2026-09-09T07:00:00Z,4.045,219.3,19.96,0.924,OK
M-112,2026-09-09T08:00:00Z,5.963,220,29.47,0.92,OK
M-112,2026-09-09T09:00:00Z,6.124,221.8,30.22,0.914,OK
M-112,2026-09-09T10:00:00Z,6.404,220.5,31.61,0.919,OK
M-112,2026-09-09T11:00:00Z,5.98,219.5,43.04,0.918,OK
M-112,2026-09-09T12:00:00Z,5.962,221.2,29.52,0.913,OK
M-112,2026-09-09T13:00:00Z,6.071,219,30.26,0.916,OK
M-112,2026-09-09T14:00:00Z,6.269,0,30.82,0.918,SUSPECT
M-112,2026-09-09T15:00:00Z,6.245,219,30.93,0.922,OK
M-112,2026-09-09T16:00:00Z,5.955,219,29.53,1.06,SUSPECT
M-112,2026-09-09T17:00:00Z,6.134,219.4,30.41,0.919,OK
M-112,2026-09-09T18:00:00Z,2.95,219.8,14.47,0.927,OK
M-112,2026-09-09T19:00:00Z,3.091,219.4,22.19,0.92,OK
M-112,2026-09-09T20:00:00Z,2.958,219.9,14.72,0.914,OK
M-112,2026-09-09T21:00:00Z,2.882,218,14.29,0.925,OK
M-112,2026-09-09T22:00:00Z,2.258,219.5,11.16,0.922,OK
M-112,2026-09-09T23:00:00Z,2.338,220.1,11.59,0.917,OK
M-112,2026-09-10T00:00:00Z,2.244,219.3,11.08,0.923,OK
M-112,2026-09-10T01:00:00Z,2.221,219.5,11.01,0.919,OK
M-112,2026-09-10T02:00:00Z,2.302,219.5,11.46,0.916,OK
M-112,2026-09-10T03:00:00Z,2.128,220.9,15.12,0.924,OK
M-112,2026-09-10T04:00:00Z,2.247,220.3,11.1,0.919,OK
M-112,2026-09-10T05:00:00Z,2.261,219.8,11.15,0.923,OK
M-112,2026-09-10T06:00:00Z,3.231,219.5,15.97,0.922,OK
M-112,2026-09-10T07:00:00Z,4.258,221,20.98,1.06,SUSPECT
M-112,2026-09-10T08:00:00Z,6.275,220.5,30.81,0.924,OK
M-112,2026-09-10T09:00:00Z,6.094,219.9,30.36,0.913,OK
M-112,2026-09-10T10:00:00Z,6.163,218.7,30.88,0.913,OK
M-112,2026-09-10T11:00:00Z,5.99,220.2,42.76,0.922,OK
M-112,2026-09-10T12:00:00Z,6.01,221,29.62,0.918,OK
M-112,2026-09-10T13:00:00Z,6.099,221.1,29.98,0.92,OK
M-112,2026-09-10T14:00:00Z,5.893,220.8,29.12,0.917,OK
M-112,2026-09-10T15:00:00Z,6.077,221.4,29.91,0.918,OK
M-112,2026-09-10T16:00:00Z,5.975,220.8,29.52,0.917,OK
M-112,2026-09-10T17:00:00Z,5.93,220.1,29.38,0.917,OK
M-112,2026-09-10T18:00:00Z,3.045,220.2,14.98,0.923,OK
M-112,2026-09-10T19:00:00Z,3.077,219.4,22.09,0.92,OK
M-112,2026-09-10T20:00:00Z,3.118,218.6,15.61,0.914,OK
M-112,2026-09-10T21:00:00Z,2.985,219.4,14.78,0.921,OK
M-112,2026-09-10T22:00:00Z,2.224,220.5,10.96,1.06,SUSPECT
M-112,2026-09-10T23:00:00Z,2.165,221.9,10.63,0.917,OK
M-112,2026-09-11T00:00:00Z,2.282,219.5,11.36,0.915,OK
M-112,2026-09-11T01:00:00Z,2.193,219.8,10.85,0.92,OK
M-112,2026-09-11T02:00:00Z,2.263,220.6,11.18,0.918,OK
M-112,2026-09-11T03:00:00Z,2.189,220,15.69,0.92,OK
M-112,2026-09-11T04:00:00Z,2.288,219.4,11.4,0.915,OK
M-112,2026-09-11T05:00:00Z,2.182,218,10.78,0.928,OK
M-112,2026-09-11T06:00:00Z,3.284,220.3,16.19,0.92,OK
M-112,2026-09-11T07:00:00Z,4.244,219.7,20.99,0.92,OK
M-112,2026-09-11T08:00:00Z,6.159,220.4,30.14,0.927,OK
M-112,2026-09-11T09:00:00Z,6.053,219.8,30.33,0.908,OK
M-112,2026-09-11T10:00:00Z,6.177,218.9,30.53,0.924,OK
M-112,2026-09-11T11:00:00Z,6.232,220.1,44.89,0.915,OK
M-112,2026-09-11T12:00:00Z,6.077,219.9,29.99,0.921,OK
M-112,2026-09-11T13:00:00Z,6.215,219.1,31.11,1.06,SUSPECT
M-112,2026-09-11T14:00:00Z,6.079,0,29.83,0.925,SUSPECT
M-112,2026-09-11T15:00:00Z,6.274,220.3,30.77,0.926,OK
M-112,2026-09-11T16:00:00Z,6.158,220.1,30.55,0.916,OK
M-112,2026-09-11T17:00:00Z,6.064,220.7,29.91,0.919,OK
M-112,2026-09-11T18:00:00Z,3.015,219.4,14.92,0.921,OK
M-112,2026-09-11T19:00:00Z,3.018,219.2,21.71,0.92,OK
M-112,2026-09-11T20:00:00Z,2.953,219.1,14.65,0.92,OK
M-112,2026-09-11T21:00:00Z,2.911,220.2,14.32,0.923,OK
M-112,2026-09-11T22:00:00Z,2.264,219.8,11.27,0.914,OK
M-112,2026-09-11T23:00:00Z,2.281,221.5,11.19,0.92,OK
M-112,2026-09-12T00:00:00Z,2.238,221.7,10.96,0.921,OK
M-112,2026-09-12T01:00:00Z,2.293,219.8,11.35,0.919,OK
M-112,2026-09-12T02:00:00Z,2.27,220.1,11.15,0.925,OK
M-112,2026-09-12T03:00:00Z,2.275,221.1,16.35,0.913,OK
M-112,2026-09-12T04:00:00Z,2.298,221.3,11.29,1.06,SUSPECT
M-112,2026-09-12T05:00:00Z,2.257,220.8,11.12,0.92,OK
M-112,2026-09-12T06:00:00Z,3.144,219.9,15.46,0.925,OK
M-112,2026-09-12T07:00:00Z,4.218,220.2,20.85,0.919,OK
M-112,2026-09-12T08:00:00Z,6.182,218.6,30.63,0.923,OK
M-112,2026-09-12T09:00:00Z,6.274,220.3,31.01,0.918,OK
M-112,2026-09-12T10:00:00Z,6.165,219.7,30.48,0.92,OK
M-112,2026-09-12T11:00:00Z,5.878,220.9,41.92,0.921,OK
M-112,2026-09-12T12:00:00Z,6.312,221.7,30.9,0.921,OK
M-112,2026-09-12T13:00:00Z,6.058,219.1,29.92,0.924,OK
M-112,2026-09-12T14:00:00Z,6.072,218.7,30.43,0.912,OK
M-112,2026-09-12T15:00:00Z,6.063,219.3,30.03,0.921,OK
M-112,2026-09-12T16:00:00Z,6.16,219.3,30.41,0.924,OK
M-112,2026-09-12T17:00:00Z,6.174,219.6,30.58,0.919,OK
M-112,2026-09-12T18:00:00Z,2.944,221.4,14.44,0.921,OK
M-112,2026-09-12T19:00:00Z,2.934,220.7,20.85,1.06,SUSPECT
M-112,2026-09-12T20:00:00Z,3.075,220,15.25,0.917,OK
M-112,2026-09-12T21:00:00Z,3.006,217.7,14.96,0.923,OK
M-112,2026-09-12T22:00:00Z,2.26,219.3,11.15,0.924,OK
M-112,2026-09-12T23:00:00Z,2.234,220.2,11,0.922,OK
M-112,2026-09-13T00:00:00Z,2.338,220.4,11.5,0.922,OK
M-112,2026-09-13T01:00:00Z,2.276,219.8,11.2,0.925,OK
M-112,2026-09-13T02:00:00Z,2.258,220.8,11.17,0.916,OK
M-112,2026-09-13T03:00:00Z,2.261,220.1,16.07,0.927,OK
M-112,2026-09-13T04:00:00Z,2.272,220.5,11.21,0.919,OK
M-112,2026-09-13T05:00:00Z,2.238,221.5,11.03,0.916,OK
M-112,2026-09-13T06:00:00Z,3.286,219.5,16.23,0.922,OK
M-112,2026-09-13T07:00:00Z,4.228,220.3,20.81,0.923,OK
M-112,2026-09-13T08:00:00Z,6.144,221.8,30.37,0.912,OK
M-112,2026-09-13T09:00:00Z,6.374,218.7,31.59,0.923,OK
M-112,2026-09-13T10:00:00Z,6.203,219.3,30.73,1.06,SUSPECT
M-112,2026-09-13T11:00:00Z,6.098,219.6,43.55,0.924,OK
M-112,2026-09-13T12:00:00Z,6.116,219.8,30.09,0.925,OK
M-112,2026-09-13T13:00:00Z,6.096,220.2,29.89,0.926,OK
M-112,2026-09-13T14:00:00Z,6.224,0,30.76,0.918,SUSPECT
M-112,2026-09-13T15:00:00Z,6.082,219.8,30.18,0.917,OK
M-112,2026-09-13T16:00:00Z,6.035,221.1,29.8,0.916,OK
M-112,2026-09-13T17:00:00Z,5.905,218.1,29.26,0.925,OK
M-112,2026-09-13T18:00:00Z,2.922,218.6,14.54,0.919,OK
M-112,2026-09-13T19:00:00Z,3.019,220.4,21.62,0.919,OK
M-112,2026-09-13T20:00:00Z,2.831,219.9,13.92,0.925,OK
M-112,2026-09-13T21:00:00Z,2.994,219.8,14.8,0.92,OK
M-112,2026-09-13T22:00:00Z,2.192,220,10.76,0.926,OK
M-112,2026-09-13T23:00:00Z,2.234,219.5,11.02,0.923,OK
M-112,2026-09-14T00:00:00Z,2.326,219.7,11.5,0.92,OK
M-112,2026-09-14T01:00:00Z,2.303,219.4,11.39,1.06,SUSPECT
M-112,2026-09-14T02:00:00Z,2.207,219.8,10.85,0.925,OK
M-112,2026-09-14T03:00:00Z,2.165,219.9,15.59,0.916,OK
M-112,2026-09-14T04:00:00Z,2.311,220.1,11.49,0.914,OK
M-112,2026-09-14T05:00:00Z,2.255,220.5,11.09,0.922,OK
M-112,2026-09-14T06:00:00Z,3.209,220.1,15.82,0.921,OK
M-112,2026-09-14T07:00:00Z,4.239,218.9,20.8,0.931,OK
M-112,2026-09-14T08:00:00Z,6.13,220.2,30.11,0.925,OK
M-112,2026-09-14T09:00:00Z,6.154,219.5,30.49,0.919,OK
M-112,2026-09-14T10:00:00Z,6.057,218.8,30.1,0.92,OK
M-112,2026-09-14T11:00:00Z,6.187,220.1,44.06,0.925,OK
M-112,2026-09-14T12:00:00Z,6.033,221.3,29.54,0.923,OK
M-112,2026-09-14T13:00:00Z,6.241,219.5,30.93,0.919,OK
M-112,2026-09-14T14:00:00Z,6.159,220.8,30.38,0.918,OK
M-112,2026-09-14T15:00:00Z,6.138,220.3,30.43,0.916,OK
M-112,2026-09-14T16:00:00Z,6.045,220.4,29.88,1.06,SUSPECT
M-112,2026-09-14T17:00:00Z,6.045,220.2,30,0.915,OK
M-112,2026-09-14T18:00:00Z,2.945,220,14.45,0.926,OK
M-112,2026-09-14T19:00:00Z,2.984,218.8,21.71,0.911,OK
M-112,2026-09-14T20:00:00Z,3.048,219.9,15.13,0.916,OK
M-112,2026-09-14T21:00:00Z,2.839,221.6,13.92,0.92,OK
M-112,2026-09-14T22:00:00Z,2.236,219.7,11.06,0.921,OK
M-112,2026-09-14T23:00:00Z,2.241,222.4,10.92,0.922,OK
